{"v":"5.8.1","fr":24,"ip":0,"op":116,"w":1920,"h":1080,"nm":"Flitaa Logo 3","ddd":0,"assets":[{"id":"comp_0","nm":"txt 1","fr":24,"layers":[{"ddd":0,"ind":3,"ty":4,"nm":"Shape Layer 7","td":1,"sr":1,"ks":{"o":{"a":0,"k":100,"ix":11},"r":{"a":0,"k":0,"ix":10},"p":{"a":0,"k":[1323.748,547.975,0],"ix":2,"l":2},"a":{"a":0,"k":[-393.797,22.457,0],"ix":1,"l":2},"s":{"a":0,"k":[57.64,57.64,100],"ix":6,"l":2}},"ao":0,"shapes":[{"ty":"gr","it":[{"ind":0,"ty":"sh","ix":1,"ks":{"a":0,"k":{"i":[[-8.72,15.779],[-20,17.5],[-1.5,-56.5],[0,0]],"o":[[10.5,-19],[29.013,-25.387],[2.233,84.119],[0,0]],"v":[[-13,-0.5],[24,-51],[171.5,-10],[173,197]],"c":false},"ix":2},"nm":"Path 1","mn":"ADBE Vector Shape - Group","hd":false},{"ty":"st","c":{"a":0,"k":[1,1,1,1],"ix":3},"o":{"a":0,"k":100,"ix":4},"w":{"a":0,"k":62,"ix":5},"lc":2,"lj":2,"bm":0,"nm":"Stroke 1","mn":"ADBE Vector Graphic - Stroke","hd":false},{"ty":"tr","p":{"a":0,"k":[0,0],"ix":2},"a":{"a":0,"k":[0,0],"ix":1},"s":{"a":0,"k":[100,100],"ix":3},"r":{"a":0,"k":0,"ix":6},"o":{"a":0,"k":100,"ix":7},"sk":{"a":0,"k":0,"ix":4},"sa":{"a":0,"k":0,"ix":5},"nm":"Transform"}],"nm":"Shape 1","np":3,"cix":2,"bm":0,"ix":2,"mn":"ADBE Vector Group","hd":false},{"ty":"tm","s":{"a":0,"k":0,"ix":1},"e":{"a":1,"k":[{"i":{"x":[0],"y":[1]},"o":{"x":[0.333],"y":[0]},"t":19,"s":[0]},{"t":43,"s":[100]}],"ix":2},"o":{"a":0,"k":0,"ix":3},"m":1,"ix":3,"nm":"Trim Paths 1","mn":"ADBE Vector Filter - Trim","hd":false}],"ip":19,"op":140,"st":19,"bm":0},{"ddd":0,"ind":4,"ty":4,"nm":"A 5","tt":1,"sr":1,"ks":{"o":{"a":0,"k":100,"ix":11},"r":{"a":0,"k":0,"ix":10},"p":{"a":0,"k":[1596.716,560.889,0],"ix":2,"l":2},"a":{"a":0,"k":[47.713,54.873,0],"ix":1,"l":2},"s":{"a":0,"k":[147.558,147.558,100],"ix":6,"l":2}},"ao":0,"shapes":[{"ty":"gr","it":[{"ind":0,"ty":"sh","ix":1,"ks":{"a":0,"k":{"i":[[0,0],[14.8,4.799],[-5.201,7.099],[-11.6,9.201]],"o":[[0,17.399],[-8.9,-2.901],[7.199,-10.1],[0,0]],"v":[[24.6,11.4],[-11.7,35.001],[-19.299,16.501],[24.6,2.8]],"c":true},"ix":2},"nm":"Path 1","mn":"ADBE Vector Shape - Group","hd":false},{"ind":1,"ty":"sh","ix":2,"ks":{"a":0,"k":{"i":[[0.201,17],[10,11.5],[7.299,1.7],[11.8,-11.6],[0,0],[0,0],[-12,0.3],[-4.101,-5.1],[2.699,-3.099],[14.7,-2.901],[-3,-16.8],[-20.5,0],[0,0],[0,0],[0,0]],"o":[[-0.4,-16.599],[-3.1,-3.6],[-16.5,-4],[-6.4,6.3],[0,0],[2.2,-7.101],[10,-0.2],[3.599,4.5],[-6.5,7.601],[-16.8,3.299],[2.4,13.401],[25.3,0],[0,0],[0,0],[-0.1,-17]],"v":[[45,0.8],[37,-39.999],[19.701,-49.6],[-32,-40.299],[-40.4,-25.799],[-21.1,-21.1],[-0.2,-33.6],[21.701,-26.899],[22.701,-14.2],[-18.6,-4.999],[-44,29.6],[-9,53.6],[24.4,39.201],[25.6,53.6],[45.4,53.501]],"c":true},"ix":2},"nm":"Path 2","mn":"ADBE Vector Shape - Group","hd":false},{"ty":"mm","mm":1,"nm":"Merge Paths 1","mn":"ADBE Vector Filter - Merge","hd":false},{"ty":"fl","c":{"a":0,"k":[0.509803921569,0.792156862745,0.690196078431,1],"ix":4},"o":{"a":0,"k":100,"ix":5},"r":1,"bm":0,"nm":"Fill 1","mn":"ADBE Vector Graphic - Fill","hd":false},{"ty":"tr","p":{"a":0,"k":[47.25,53.849],"ix":2},"a":{"a":0,"k":[0,0],"ix":1},"s":{"a":0,"k":[100,100],"ix":3},"r":{"a":0,"k":0,"ix":6},"o":{"a":0,"k":100,"ix":7},"sk":{"a":0,"k":0,"ix":4},"sa":{"a":0,"k":0,"ix":5},"nm":"Transform"}],"nm":"Group 1","np":4,"cix":2,"bm":0,"ix":1,"mn":"ADBE Vector Group","hd":false}],"ip":19,"op":140,"st":19,"bm":0},{"ddd":0,"ind":5,"ty":4,"nm":"A 4","tt":1,"sr":1,"ks":{"o":{"a":0,"k":100,"ix":11},"r":{"a":0,"k":0,"ix":10},"p":{"a":0,"k":[1596.716,560.889,0],"ix":2,"l":2},"a":{"a":0,"k":[47.713,54.873,0],"ix":1,"l":2},"s":{"a":0,"k":[147.558,147.558,100],"ix":6,"l":2}},"ao":0,"shapes":[{"ty":"gr","it":[{"ind":0,"ty":"sh","ix":1,"ks":{"a":0,"k":{"i":[[0,0],[14.8,4.799],[-5.201,7.099],[-11.6,9.201]],"o":[[0,17.399],[-8.9,-2.901],[7.199,-10.1],[0,0]],"v":[[24.6,11.4],[-11.7,35.001],[-19.299,16.501],[24.6,2.8]],"c":true},"ix":2},"nm":"Path 1","mn":"ADBE Vector Shape - Group","hd":false},{"ind":1,"ty":"sh","ix":2,"ks":{"a":0,"k":{"i":[[0.201,17],[10,11.5],[7.299,1.7],[11.8,-11.6],[0,0],[0,0],[-12,0.3],[-4.101,-5.1],[2.699,-3.099],[14.7,-2.901],[-3,-16.8],[-20.5,0],[0,0],[0,0],[0,0]],"o":[[-0.4,-16.599],[-3.1,-3.6],[-16.5,-4],[-6.4,6.3],[0,0],[2.2,-7.101],[10,-0.2],[3.599,4.5],[-6.5,7.601],[-16.8,3.299],[2.4,13.401],[25.3,0],[0,0],[0,0],[-0.1,-17]],"v":[[45,0.8],[37,-39.999],[19.701,-49.6],[-32,-40.299],[-40.4,-25.799],[-21.1,-21.1],[-0.2,-33.6],[21.701,-26.899],[22.701,-14.2],[-18.6,-4.999],[-44,29.6],[-9,53.6],[24.4,39.201],[25.6,53.6],[45.4,53.501]],"c":true},"ix":2},"nm":"Path 2","mn":"ADBE Vector Shape - Group","hd":false},{"ty":"mm","mm":1,"nm":"Merge Paths 1","mn":"ADBE Vector Filter - Merge","hd":false},{"ty":"fl","c":{"a":0,"k":[0.509803921569,0.792156862745,0.690196078431,1],"ix":4},"o":{"a":0,"k":100,"ix":5},"r":1,"bm":0,"nm":"Fill 1","mn":"ADBE Vector Graphic - Fill","hd":false},{"ty":"tr","p":{"a":0,"k":[47.25,53.849],"ix":2},"a":{"a":0,"k":[0,0],"ix":1},"s":{"a":0,"k":[100,100],"ix":3},"r":{"a":0,"k":0,"ix":6},"o":{"a":0,"k":100,"ix":7},"sk":{"a":0,"k":0,"ix":4},"sa":{"a":0,"k":0,"ix":5},"nm":"Transform"}],"nm":"Group 1","np":4,"cix":2,"bm":0,"ix":1,"mn":"ADBE Vector Group","hd":false}],"ip":19,"op":140,"st":19,"bm":0},{"ddd":0,"ind":8,"ty":4,"nm":"Shape Layer 5","td":1,"sr":1,"ks":{"o":{"a":0,"k":100,"ix":11},"r":{"a":0,"k":0,"ix":10},"p":{"a":0,"k":[1182.241,547.975,0],"ix":2,"l":2},"a":{"a":0,"k":[-393.797,22.457,0],"ix":1,"l":2},"s":{"a":0,"k":[57.64,57.64,100],"ix":6,"l":2}},"ao":0,"shapes":[{"ty":"gr","it":[{"ind":0,"ty":"sh","ix":1,"ks":{"a":0,"k":{"i":[[-8.72,15.779],[-20,17.5],[-1.5,-56.5],[0,0]],"o":[[10.5,-19],[29.013,-25.387],[2.233,84.119],[0,0]],"v":[[-13,-0.5],[24,-51],[171.5,-10],[173,197]],"c":false},"ix":2},"nm":"Path 1","mn":"ADBE Vector Shape - Group","hd":false},{"ty":"st","c":{"a":0,"k":[1,1,1,1],"ix":3},"o":{"a":0,"k":100,"ix":4},"w":{"a":0,"k":62,"ix":5},"lc":2,"lj":2,"bm":0,"nm":"Stroke 1","mn":"ADBE Vector Graphic - Stroke","hd":false},{"ty":"tr","p":{"a":0,"k":[0,0],"ix":2},"a":{"a":0,"k":[0,0],"ix":1},"s":{"a":0,"k":[100,100],"ix":3},"r":{"a":0,"k":0,"ix":6},"o":{"a":0,"k":100,"ix":7},"sk":{"a":0,"k":0,"ix":4},"sa":{"a":0,"k":0,"ix":5},"nm":"Transform"}],"nm":"Shape 1","np":3,"cix":2,"bm":0,"ix":2,"mn":"ADBE Vector Group","hd":false},{"ty":"tm","s":{"a":0,"k":0,"ix":1},"e":{"a":1,"k":[{"i":{"x":[0],"y":[1]},"o":{"x":[0.333],"y":[0]},"t":10,"s":[0]},{"t":34,"s":[100]}],"ix":2},"o":{"a":0,"k":0,"ix":3},"m":1,"ix":3,"nm":"Trim Paths 1","mn":"ADBE Vector Filter - Trim","hd":false}],"ip":10,"op":131,"st":10,"bm":0},{"ddd":0,"ind":9,"ty":4,"nm":"A 2","tt":1,"sr":1,"ks":{"o":{"a":0,"k":100,"ix":11},"r":{"a":0,"k":0,"ix":10},"p":{"a":0,"k":[1455.21,560.889,0],"ix":2,"l":2},"a":{"a":0,"k":[47.713,54.873,0],"ix":1,"l":2},"s":{"a":0,"k":[147.558,147.558,100],"ix":6,"l":2}},"ao":0,"shapes":[{"ty":"gr","it":[{"ind":0,"ty":"sh","ix":1,"ks":{"a":0,"k":{"i":[[0,0],[14.8,4.799],[-5.201,7.099],[-11.6,9.201]],"o":[[0,17.399],[-8.9,-2.901],[7.199,-10.1],[0,0]],"v":[[24.6,11.4],[-11.7,35.001],[-19.299,16.501],[24.6,2.8]],"c":true},"ix":2},"nm":"Path 1","mn":"ADBE Vector Shape - Group","hd":false},{"ind":1,"ty":"sh","ix":2,"ks":{"a":0,"k":{"i":[[0.201,17],[10,11.5],[7.299,1.7],[11.8,-11.6],[0,0],[0,0],[-12,0.3],[-4.101,-5.1],[2.699,-3.099],[14.7,-2.901],[-3,-16.8],[-20.5,0],[0,0],[0,0],[0,0]],"o":[[-0.4,-16.599],[-3.1,-3.6],[-16.5,-4],[-6.4,6.3],[0,0],[2.2,-7.101],[10,-0.2],[3.599,4.5],[-6.5,7.601],[-16.8,3.299],[2.4,13.401],[25.3,0],[0,0],[0,0],[-0.1,-17]],"v":[[45,0.8],[37,-39.999],[19.701,-49.6],[-32,-40.299],[-40.4,-25.799],[-21.1,-21.1],[-0.2,-33.6],[21.701,-26.899],[22.701,-14.2],[-18.6,-4.999],[-44,29.6],[-9,53.6],[24.4,39.201],[25.6,53.6],[45.4,53.501]],"c":true},"ix":2},"nm":"Path 2","mn":"ADBE Vector Shape - Group","hd":false},{"ty":"mm","mm":1,"nm":"Merge Paths 1","mn":"ADBE Vector Filter - Merge","hd":false},{"ty":"fl","c":{"a":0,"k":[0.509803921569,0.792156862745,0.690196078431,1],"ix":4},"o":{"a":0,"k":100,"ix":5},"r":1,"bm":0,"nm":"Fill 1","mn":"ADBE Vector Graphic - Fill","hd":false},{"ty":"tr","p":{"a":0,"k":[47.25,53.849],"ix":2},"a":{"a":0,"k":[0,0],"ix":1},"s":{"a":0,"k":[100,100],"ix":3},"r":{"a":0,"k":0,"ix":6},"o":{"a":0,"k":100,"ix":7},"sk":{"a":0,"k":0,"ix":4},"sa":{"a":0,"k":0,"ix":5},"nm":"Transform"}],"nm":"Group 1","np":4,"cix":2,"bm":0,"ix":1,"mn":"ADBE Vector Group","hd":false}],"ip":10,"op":131,"st":10,"bm":0},{"ddd":0,"ind":10,"ty":4,"nm":"A","tt":1,"sr":1,"ks":{"o":{"a":0,"k":100,"ix":11},"r":{"a":0,"k":0,"ix":10},"p":{"a":0,"k":[1455.21,560.889,0],"ix":2,"l":2},"a":{"a":0,"k":[47.713,54.873,0],"ix":1,"l":2},"s":{"a":0,"k":[147.558,147.558,100],"ix":6,"l":2}},"ao":0,"shapes":[{"ty":"gr","it":[{"ind":0,"ty":"sh","ix":1,"ks":{"a":0,"k":{"i":[[0,0],[14.8,4.799],[-5.201,7.099],[-11.6,9.201]],"o":[[0,17.399],[-8.9,-2.901],[7.199,-10.1],[0,0]],"v":[[24.6,11.4],[-11.7,35.001],[-19.299,16.501],[24.6,2.8]],"c":true},"ix":2},"nm":"Path 1","mn":"ADBE Vector Shape - Group","hd":false},{"ind":1,"ty":"sh","ix":2,"ks":{"a":0,"k":{"i":[[0.201,17],[10,11.5],[7.299,1.7],[11.8,-11.6],[0,0],[0,0],[-12,0.3],[-4.101,-5.1],[2.699,-3.099],[14.7,-2.901],[-3,-16.8],[-20.5,0],[0,0],[0,0],[0,0]],"o":[[-0.4,-16.599],[-3.1,-3.6],[-16.5,-4],[-6.4,6.3],[0,0],[2.2,-7.101],[10,-0.2],[3.599,4.5],[-6.5,7.601],[-16.8,3.299],[2.4,13.401],[25.3,0],[0,0],[0,0],[-0.1,-17]],"v":[[45,0.8],[37,-39.999],[19.701,-49.6],[-32,-40.299],[-40.4,-25.799],[-21.1,-21.1],[-0.2,-33.6],[21.701,-26.899],[22.701,-14.2],[-18.6,-4.999],[-44,29.6],[-9,53.6],[24.4,39.201],[25.6,53.6],[45.4,53.501]],"c":true},"ix":2},"nm":"Path 2","mn":"ADBE Vector Shape - Group","hd":false},{"ty":"mm","mm":1,"nm":"Merge Paths 1","mn":"ADBE Vector Filter - Merge","hd":false},{"ty":"fl","c":{"a":0,"k":[0.509803921569,0.792156862745,0.690196078431,1],"ix":4},"o":{"a":0,"k":100,"ix":5},"r":1,"bm":0,"nm":"Fill 1","mn":"ADBE Vector Graphic - Fill","hd":false},{"ty":"tr","p":{"a":0,"k":[47.25,53.849],"ix":2},"a":{"a":0,"k":[0,0],"ix":1},"s":{"a":0,"k":[100,100],"ix":3},"r":{"a":0,"k":0,"ix":6},"o":{"a":0,"k":100,"ix":7},"sk":{"a":0,"k":0,"ix":4},"sa":{"a":0,"k":0,"ix":5},"nm":"Transform"}],"nm":"Group 1","np":4,"cix":2,"bm":0,"ix":1,"mn":"ADBE Vector Group","hd":false}],"ip":10,"op":131,"st":10,"bm":0},{"ddd":0,"ind":11,"ty":4,"nm":"Shape Layer 4","td":1,"sr":1,"ks":{"o":{"a":0,"k":100,"ix":11},"r":{"a":0,"k":0,"ix":10},"p":{"a":0,"k":[1182.241,547.975,0],"ix":2,"l":2},"a":{"a":0,"k":[-393.797,22.457,0],"ix":1,"l":2},"s":{"a":0,"k":[57.64,57.64,100],"ix":6,"l":2}},"ao":0,"shapes":[{"ty":"gr","it":[{"ind":0,"ty":"sh","ix":1,"ks":{"a":0,"k":{"i":[[0,0],[0,0]],"o":[[0,0],[0,0]],"v":[[-28,-65],[-110,-66]],"c":false},"ix":2},"nm":"Path 1","mn":"ADBE Vector Shape - Group","hd":false},{"ty":"st","c":{"a":0,"k":[1,1,1,1],"ix":3},"o":{"a":0,"k":100,"ix":4},"w":{"a":0,"k":62,"ix":5},"lc":1,"lj":1,"ml":4,"bm":0,"nm":"Stroke 1","mn":"ADBE Vector Graphic - Stroke","hd":false},{"ty":"tr","p":{"a":0,"k":[0,0],"ix":2},"a":{"a":0,"k":[0,0],"ix":1},"s":{"a":0,"k":[100,100],"ix":3},"r":{"a":0,"k":0,"ix":6},"o":{"a":0,"k":100,"ix":7},"sk":{"a":0,"k":0,"ix":4},"sa":{"a":0,"k":0,"ix":5},"nm":"Transform"}],"nm":"Shape 2","np":3,"cix":2,"bm":0,"ix":1,"mn":"ADBE Vector Group","hd":false},{"ty":"gr","it":[{"ind":0,"ty":"sh","ix":1,"ks":{"a":0,"k":{"i":[[0,0],[-3.283,-25.792],[-26,0],[0,0]],"o":[[0,0],[3.5,27.5],[26,0],[0,0]],"v":[[-133.5,-152],[-131.5,110.5],[-84,151.5],[-30,149]],"c":false},"ix":2},"nm":"Path 1","mn":"ADBE Vector Shape - Group","hd":false},{"ty":"st","c":{"a":0,"k":[1,1,1,1],"ix":3},"o":{"a":0,"k":100,"ix":4},"w":{"a":0,"k":62,"ix":5},"lc":1,"lj":1,"ml":4,"bm":0,"nm":"Stroke 1","mn":"ADBE Vector Graphic - Stroke","hd":false},{"ty":"tr","p":{"a":0,"k":[0,0],"ix":2},"a":{"a":0,"k":[0,0],"ix":1},"s":{"a":0,"k":[100,100],"ix":3},"r":{"a":0,"k":0,"ix":6},"o":{"a":0,"k":100,"ix":7},"sk":{"a":0,"k":0,"ix":4},"sa":{"a":0,"k":0,"ix":5},"nm":"Transform"}],"nm":"Shape 1","np":3,"cix":2,"bm":0,"ix":2,"mn":"ADBE Vector Group","hd":false},{"ty":"tm","s":{"a":0,"k":0,"ix":1},"e":{"a":1,"k":[{"i":{"x":[0],"y":[1]},"o":{"x":[0.333],"y":[0]},"t":7,"s":[0]},{"t":31,"s":[100]}],"ix":2},"o":{"a":0,"k":0,"ix":3},"m":1,"ix":3,"nm":"Trim Paths 1","mn":"ADBE Vector Filter - Trim","hd":false}],"ip":7,"op":128,"st":7,"bm":0},{"ddd":0,"ind":12,"ty":4,"nm":"T","tt":1,"sr":1,"ks":{"o":{"a":0,"k":100,"ix":11},"r":{"a":0,"k":0,"ix":10},"p":{"a":0,"k":[1353.442,549.33,0],"ix":2,"l":2},"a":{"a":0,"k":[25.446,60.54,0],"ix":1,"l":2},"s":{"a":0,"k":[147.558,147.558,100],"ix":6,"l":2}},"ao":0,"shapes":[{"ty":"gr","it":[{"ind":0,"ty":"sh","ix":1,"ks":{"a":0,"k":{"i":[[0,0],[5.099,6.401],[0.099,0.901],[-0.2,5.2],[-6.8,0],[0,0],[6.8,0],[0,5.8],[0,0],[0,0],[-48.6,8.7]],"o":[[0,0],[-1.3,-1.699],[-1.901,-11.799],[6.8,0],[0,0],[-6.8,0.099],[0.099,-5.699],[0,0],[0,0],[0,17.299],[0,0]],"v":[[19.8,36.25],[0.901,33.949],[-0.899,29.649],[-1.399,-29.15],[19,-29.05],[19,-46.45],[-1.399,-46.351],[-1.3,-63.75],[-22.5,-63.75],[-22.5,21.35],[24.3,55.05]],"c":true},"ix":2},"nm":"Path 1","mn":"ADBE Vector Shape - Group","hd":false},{"ty":"fl","c":{"a":0,"k":[0.509803921569,0.792156862745,0.690196078431,1],"ix":4},"o":{"a":0,"k":100,"ix":5},"r":1,"bm":0,"nm":"Fill 1","mn":"ADBE Vector Graphic - Fill","hd":false},{"ty":"tr","p":{"a":0,"k":[24.55,64],"ix":2},"a":{"a":0,"k":[0,0],"ix":1},"s":{"a":0,"k":[100,100],"ix":3},"r":{"a":0,"k":0,"ix":6},"o":{"a":0,"k":100,"ix":7},"sk":{"a":0,"k":0,"ix":4},"sa":{"a":0,"k":0,"ix":5},"nm":"Transform"}],"nm":"Group 1","np":2,"cix":2,"bm":0,"ix":1,"mn":"ADBE Vector Group","hd":false}],"ip":7,"op":128,"st":7,"bm":0},{"ddd":0,"ind":13,"ty":4,"nm":"Shape Layer 2","td":1,"sr":1,"ks":{"o":{"a":0,"k":100,"ix":11},"r":{"a":0,"k":0,"ix":10},"p":{"a":0,"k":[1182.241,547.975,0],"ix":2,"l":2},"a":{"a":0,"k":[-393.797,22.457,0],"ix":1,"l":2},"s":{"a":0,"k":[57.64,57.64,100],"ix":6,"l":2}},"ao":0,"shapes":[{"ty":"gr","it":[{"ind":0,"ty":"sh","ix":1,"ks":{"a":0,"k":{"i":[[0,0],[0,0]],"o":[[0,0],[0,0]],"v":[[-216,183],[-216,-91]],"c":false},"ix":2},"nm":"Path 1","mn":"ADBE Vector Shape - Group","hd":false},{"ty":"st","c":{"a":0,"k":[1,1,1,1],"ix":3},"o":{"a":0,"k":100,"ix":4},"w":{"a":0,"k":62,"ix":5},"lc":1,"lj":1,"ml":4,"bm":0,"nm":"Stroke 1","mn":"ADBE Vector Graphic - Stroke","hd":false},{"ty":"tr","p":{"a":0,"k":[0,0],"ix":2},"a":{"a":0,"k":[0,0],"ix":1},"s":{"a":0,"k":[100,100],"ix":3},"r":{"a":0,"k":0,"ix":6},"o":{"a":0,"k":100,"ix":7},"sk":{"a":0,"k":0,"ix":4},"sa":{"a":0,"k":0,"ix":5},"nm":"Transform"}],"nm":"Shape 1","np":3,"cix":2,"bm":0,"ix":1,"mn":"ADBE Vector Group","hd":false},{"ty":"tm","s":{"a":0,"k":0,"ix":1},"e":{"a":1,"k":[{"i":{"x":[0],"y":[1]},"o":{"x":[0.333],"y":[0]},"t":4,"s":[0]},{"t":28,"s":[100]}],"ix":2},"o":{"a":0,"k":0,"ix":3},"m":1,"ix":2,"nm":"Trim Paths 1","mn":"ADBE Vector Filter - Trim","hd":false}],"ip":4,"op":125,"st":4,"bm":0},{"ddd":0,"ind":14,"ty":4,"nm":"i","tt":1,"sr":1,"ks":{"o":{"a":0,"k":100,"ix":11},"r":{"a":0,"k":0,"ix":10},"p":{"a":0,"k":[1285.203,562.846,0],"ix":2,"l":2},"a":{"a":0,"k":[11,51.5,0],"ix":1,"l":2},"s":{"a":0,"k":[147.558,147.558,100],"ix":6,"l":2}},"ao":0,"shapes":[{"ty":"gr","it":[{"ind":0,"ty":"sh","ix":1,"ks":{"a":0,"k":{"i":[[0,0],[0,0],[0,0],[0,0]],"o":[[0,0],[0,0],[0,0],[0,0]],"v":[[-10.75,-51.25],[10.75,-51.25],[10.75,51.25],[-10.75,51.25]],"c":true},"ix":2},"nm":"Path 1","mn":"ADBE Vector Shape - Group","hd":false},{"ty":"fl","c":{"a":0,"k":[0.509803921569,0.792156862745,0.690196078431,1],"ix":4},"o":{"a":0,"k":100,"ix":5},"r":1,"bm":0,"nm":"Fill 1","mn":"ADBE Vector Graphic - Fill","hd":false},{"ty":"tr","p":{"a":0,"k":[11,51.5],"ix":2},"a":{"a":0,"k":[0,0],"ix":1},"s":{"a":0,"k":[100,100],"ix":3},"r":{"a":0,"k":0,"ix":6},"o":{"a":0,"k":100,"ix":7},"sk":{"a":0,"k":0,"ix":4},"sa":{"a":0,"k":0,"ix":5},"nm":"Transform"}],"nm":"Group 1","np":2,"cix":2,"bm":0,"ix":1,"mn":"ADBE Vector Group","hd":false}],"ip":4,"op":125,"st":4,"bm":0},{"ddd":0,"ind":15,"ty":4,"nm":"Shape Layer 3","td":1,"sr":1,"ks":{"o":{"a":0,"k":100,"ix":11},"r":{"a":0,"k":0,"ix":10},"p":{"a":0,"k":[1234.001,535.607,0],"ix":2,"l":2},"a":{"a":0,"k":[-304,1,0],"ix":1,"l":2},"s":{"a":0,"k":[57.64,57.64,100],"ix":6,"l":2}},"ao":0,"shapes":[{"ty":"gr","it":[{"ind":0,"ty":"sh","ix":1,"ks":{"a":0,"k":{"i":[[0,0],[0,0]],"o":[[0,0],[0,0]],"v":[[-304,-202],[-304,204]],"c":false},"ix":2},"nm":"Path 1","mn":"ADBE Vector Shape - Group","hd":false},{"ty":"st","c":{"a":0,"k":[1,1,1,1],"ix":3},"o":{"a":0,"k":100,"ix":4},"w":{"a":0,"k":62,"ix":5},"lc":1,"lj":1,"ml":4,"bm":0,"nm":"Stroke 1","mn":"ADBE Vector Graphic - Stroke","hd":false},{"ty":"tr","p":{"a":0,"k":[0,0],"ix":2},"a":{"a":0,"k":[0,0],"ix":1},"s":{"a":0,"k":[100,100],"ix":3},"r":{"a":0,"k":0,"ix":6},"o":{"a":0,"k":100,"ix":7},"sk":{"a":0,"k":0,"ix":4},"sa":{"a":0,"k":0,"ix":5},"nm":"Transform"}],"nm":"Shape 1","np":3,"cix":2,"bm":0,"ix":1,"mn":"ADBE Vector Group","hd":false},{"ty":"tm","s":{"a":0,"k":0,"ix":1},"e":{"a":1,"k":[{"i":{"x":[0],"y":[1]},"o":{"x":[0.333],"y":[0]},"t":2,"s":[0]},{"t":26,"s":[100]}],"ix":2},"o":{"a":0,"k":0,"ix":3},"m":1,"ix":2,"nm":"Trim Paths 1","mn":"ADBE Vector Filter - Trim","hd":false}],"ip":2,"op":123,"st":2,"bm":0},{"ddd":0,"ind":16,"ty":4,"nm":"l","tt":1,"sr":1,"ks":{"o":{"a":0,"k":100,"ix":11},"r":{"a":0,"k":0,"ix":10},"p":{"a":0,"k":[1235.771,535.252,0],"ix":2,"l":2},"a":{"a":0,"k":[11,70.199,0],"ix":1,"l":2},"s":{"a":0,"k":[147.558,147.558,100],"ix":6,"l":2}},"ao":0,"shapes":[{"ty":"gr","it":[{"ind":0,"ty":"sh","ix":1,"ks":{"a":0,"k":{"i":[[0,0],[0,0],[0,0],[0,0]],"o":[[0,0],[0,0],[0,0],[0,0]],"v":[[-10.75,-69.949],[10.75,-69.949],[10.75,69.949],[-10.75,69.949]],"c":true},"ix":2},"nm":"Path 1","mn":"ADBE Vector Shape - Group","hd":false},{"ty":"fl","c":{"a":0,"k":[0.509803921569,0.792156862745,0.690196078431,1],"ix":4},"o":{"a":0,"k":100,"ix":5},"r":1,"bm":0,"nm":"Fill 1","mn":"ADBE Vector Graphic - Fill","hd":false},{"ty":"tr","p":{"a":0,"k":[11,70.199],"ix":2},"a":{"a":0,"k":[0,0],"ix":1},"s":{"a":0,"k":[100,100],"ix":3},"r":{"a":0,"k":0,"ix":6},"o":{"a":0,"k":100,"ix":7},"sk":{"a":0,"k":0,"ix":4},"sa":{"a":0,"k":0,"ix":5},"nm":"Transform"}],"nm":"Group 1","np":2,"cix":2,"bm":0,"ix":1,"mn":"ADBE Vector Group","hd":false}],"ip":2,"op":123,"st":2,"bm":0},{"ddd":0,"ind":17,"ty":4,"nm":"Shape Layer 1","td":1,"sr":1,"ks":{"o":{"a":0,"k":100,"ix":11},"r":{"a":0,"k":0,"ix":10},"p":{"a":0,"k":[1182.241,547.975,0],"ix":2,"l":2},"a":{"a":0,"k":[-393.797,22.457,0],"ix":1,"l":2},"s":{"a":0,"k":[57.64,57.64,100],"ix":6,"l":2}},"ao":0,"shapes":[{"ty":"gr","it":[{"ind":0,"ty":"sh","ix":1,"ks":{"a":0,"k":{"i":[[0,0],[0,0]],"o":[[0,0],[0,0]],"v":[[-489,-60],[-339,-60.5]],"c":false},"ix":2},"nm":"Path 1","mn":"ADBE Vector Shape - Group","hd":false},{"ty":"st","c":{"a":0,"k":[1,1,1,1],"ix":3},"o":{"a":0,"k":100,"ix":4},"w":{"a":0,"k":46,"ix":5},"lc":1,"lj":1,"ml":4,"bm":0,"nm":"Stroke 1","mn":"ADBE Vector Graphic - Stroke","hd":false},{"ty":"tr","p":{"a":0,"k":[0,0.5],"ix":2},"a":{"a":0,"k":[0,0],"ix":1},"s":{"a":0,"k":[100,100],"ix":3},"r":{"a":0,"k":0,"ix":6},"o":{"a":0,"k":100,"ix":7},"sk":{"a":0,"k":0,"ix":4},"sa":{"a":0,"k":0,"ix":5},"nm":"Transform"}],"nm":"Shape 2","np":3,"cix":2,"bm":0,"ix":1,"mn":"ADBE Vector Group","hd":false},{"ty":"gr","it":[{"ind":0,"ty":"sh","ix":1,"ks":{"a":0,"k":{"i":[[0,0],[-0.379,28.069],[-93,-2]],"o":[[0,0],[0.5,-37],[62.993,1.355]],"v":[[-436.5,201.5],[-437,-88],[-350.5,-156.5]],"c":false},"ix":2},"nm":"Path 1","mn":"ADBE Vector Shape - Group","hd":false},{"ty":"st","c":{"a":0,"k":[1,1,1,1],"ix":3},"o":{"a":0,"k":100,"ix":4},"w":{"a":0,"k":56,"ix":5},"lc":1,"lj":1,"ml":4,"bm":0,"nm":"Stroke 1","mn":"ADBE Vector Graphic - Stroke","hd":false},{"ty":"tr","p":{"a":0,"k":[0,0],"ix":2},"a":{"a":0,"k":[0,0],"ix":1},"s":{"a":0,"k":[100,100],"ix":3},"r":{"a":0,"k":0,"ix":6},"o":{"a":0,"k":100,"ix":7},"sk":{"a":0,"k":0,"ix":4},"sa":{"a":0,"k":0,"ix":5},"nm":"Transform"}],"nm":"Shape 1","np":3,"cix":2,"bm":0,"ix":2,"mn":"ADBE Vector Group","hd":false},{"ty":"tm","s":{"a":0,"k":0,"ix":1},"e":{"a":1,"k":[{"i":{"x":[0],"y":[1]},"o":{"x":[0.333],"y":[0]},"t":0,"s":[0]},{"t":24,"s":[100]}],"ix":2},"o":{"a":0,"k":0,"ix":3},"m":1,"ix":3,"nm":"Trim Paths 1","mn":"ADBE Vector Filter - Trim","hd":false}],"ip":0,"op":121,"st":0,"bm":0},{"ddd":0,"ind":18,"ty":4,"nm":"F","tt":1,"sr":1,"ks":{"o":{"a":0,"k":100,"ix":11},"r":{"a":0,"k":0,"ix":10},"p":{"a":0,"k":[1165.754,535.074,0],"ix":2,"l":2},"a":{"a":0,"k":[24.85,70.679,0],"ix":1,"l":2},"s":{"a":0,"k":[147.558,147.558,100],"ix":6,"l":2}},"ao":0,"shapes":[{"ty":"gr","it":[{"ind":0,"ty":"sh","ix":1,"ks":{"a":0,"k":{"i":[[-0.1,-10.8],[0,0],[0,0],[0,0],[0,0],[-0.1,-28.1],[0,0],[-0.1,28.2],[0,0],[0,0],[0,0],[0,0],[-5.2,6.7],[-3.3,2.1],[-15,-0.4],[0,0]],"o":[[0,0],[0,0],[0,0],[0,0],[0.1,28.1],[0,0],[0.1,-28.099],[0,0],[0,0],[0,0],[0,0],[0,-7.3],[0.5,-0.7],[6,-3.9],[0,0],[-10.6,-1]],"v":[[5.3,-40.65],[5.4,-31.249],[24.6,-31.249],[24.6,-14.15],[5.1,-14.15],[5.3,70.05],[-16.2,70.249],[-16,-14.15],[-24.6,-14.15],[-24.6,-31.249],[-15.9,-31.249],[-16.1,-40.95],[-11.5,-58.749],[-6,-63.849],[24.6,-69.849],[24.6,-51.549]],"c":true},"ix":2},"nm":"Path 1","mn":"ADBE Vector Shape - Group","hd":false},{"ty":"fl","c":{"a":0,"k":[0.509803921569,0.792156862745,0.690196078431,1],"ix":4},"o":{"a":0,"k":100,"ix":5},"r":1,"bm":0,"nm":"Fill 1","mn":"ADBE Vector Graphic - Fill","hd":false},{"ty":"tr","p":{"a":0,"k":[24.85,70.5],"ix":2},"a":{"a":0,"k":[0,0],"ix":1},"s":{"a":0,"k":[100,100],"ix":3},"r":{"a":0,"k":0,"ix":6},"o":{"a":0,"k":100,"ix":7},"sk":{"a":0,"k":0,"ix":4},"sa":{"a":0,"k":0,"ix":5},"nm":"Transform"}],"nm":"Group 1","np":2,"cix":2,"bm":0,"ix":1,"mn":"ADBE Vector Group","hd":false}],"ip":0,"op":121,"st":0,"bm":0}]},{"id":"comp_1","nm":"txt 3","fr":24,"layers":[{"ddd":0,"ind":3,"ty":4,"nm":"Shape Layer 7","td":1,"sr":1,"ks":{"o":{"a":0,"k":100,"ix":11},"r":{"a":0,"k":0,"ix":10},"p":{"a":0,"k":[1323.748,547.975,0],"ix":2,"l":2},"a":{"a":0,"k":[-393.797,22.457,0],"ix":1,"l":2},"s":{"a":0,"k":[57.64,57.64,100],"ix":6,"l":2}},"ao":0,"shapes":[{"ty":"gr","it":[{"ind":0,"ty":"sh","ix":1,"ks":{"a":0,"k":{"i":[[-8.72,15.779],[-20,17.5],[-1.5,-56.5],[0,0]],"o":[[10.5,-19],[29.013,-25.387],[2.233,84.119],[0,0]],"v":[[-13,-0.5],[24,-51],[171.5,-10],[173,197]],"c":false},"ix":2},"nm":"Path 1","mn":"ADBE Vector Shape - Group","hd":false},{"ty":"st","c":{"a":0,"k":[1,1,1,1],"ix":3},"o":{"a":0,"k":100,"ix":4},"w":{"a":0,"k":62,"ix":5},"lc":2,"lj":2,"bm":0,"nm":"Stroke 1","mn":"ADBE Vector Graphic - Stroke","hd":false},{"ty":"tr","p":{"a":0,"k":[0,0],"ix":2},"a":{"a":0,"k":[0,0],"ix":1},"s":{"a":0,"k":[100,100],"ix":3},"r":{"a":0,"k":0,"ix":6},"o":{"a":0,"k":100,"ix":7},"sk":{"a":0,"k":0,"ix":4},"sa":{"a":0,"k":0,"ix":5},"nm":"Transform"}],"nm":"Shape 1","np":3,"cix":2,"bm":0,"ix":2,"mn":"ADBE Vector Group","hd":false},{"ty":"tm","s":{"a":0,"k":0,"ix":1},"e":{"a":1,"k":[{"i":{"x":[0],"y":[1]},"o":{"x":[0.333],"y":[0]},"t":19,"s":[0]},{"t":43,"s":[100]}],"ix":2},"o":{"a":0,"k":0,"ix":3},"m":1,"ix":3,"nm":"Trim Paths 1","mn":"ADBE Vector Filter - Trim","hd":false}],"ip":19,"op":140,"st":19,"bm":0},{"ddd":0,"ind":4,"ty":4,"nm":"A 5","tt":1,"sr":1,"ks":{"o":{"a":0,"k":100,"ix":11},"r":{"a":0,"k":0,"ix":10},"p":{"a":0,"k":[1596.716,560.889,0],"ix":2,"l":2},"a":{"a":0,"k":[47.713,54.873,0],"ix":1,"l":2},"s":{"a":0,"k":[147.558,147.558,100],"ix":6,"l":2}},"ao":0,"shapes":[{"ty":"gr","it":[{"ind":0,"ty":"sh","ix":1,"ks":{"a":0,"k":{"i":[[0,0],[14.8,4.799],[-5.201,7.099],[-11.6,9.201]],"o":[[0,17.399],[-8.9,-2.901],[7.199,-10.1],[0,0]],"v":[[24.6,11.4],[-11.7,35.001],[-19.299,16.501],[24.6,2.8]],"c":true},"ix":2},"nm":"Path 1","mn":"ADBE Vector Shape - Group","hd":false},{"ind":1,"ty":"sh","ix":2,"ks":{"a":0,"k":{"i":[[0.201,17],[10,11.5],[7.299,1.7],[11.8,-11.6],[0,0],[0,0],[-12,0.3],[-4.101,-5.1],[2.699,-3.099],[14.7,-2.901],[-3,-16.8],[-20.5,0],[0,0],[0,0],[0,0]],"o":[[-0.4,-16.599],[-3.1,-3.6],[-16.5,-4],[-6.4,6.3],[0,0],[2.2,-7.101],[10,-0.2],[3.599,4.5],[-6.5,7.601],[-16.8,3.299],[2.4,13.401],[25.3,0],[0,0],[0,0],[-0.1,-17]],"v":[[45,0.8],[37,-39.999],[19.701,-49.6],[-32,-40.299],[-40.4,-25.799],[-21.1,-21.1],[-0.2,-33.6],[21.701,-26.899],[22.701,-14.2],[-18.6,-4.999],[-44,29.6],[-9,53.6],[24.4,39.201],[25.6,53.6],[45.4,53.501]],"c":true},"ix":2},"nm":"Path 2","mn":"ADBE Vector Shape - Group","hd":false},{"ty":"mm","mm":1,"nm":"Merge Paths 1","mn":"ADBE Vector Filter - Merge","hd":false},{"ty":"fl","c":{"a":0,"k":[0,0.2,0.282352941176,1],"ix":4},"o":{"a":0,"k":100,"ix":5},"r":1,"bm":0,"nm":"Fill 1","mn":"ADBE Vector Graphic - Fill","hd":false},{"ty":"tr","p":{"a":0,"k":[47.25,53.849],"ix":2},"a":{"a":0,"k":[0,0],"ix":1},"s":{"a":0,"k":[100,100],"ix":3},"r":{"a":0,"k":0,"ix":6},"o":{"a":0,"k":100,"ix":7},"sk":{"a":0,"k":0,"ix":4},"sa":{"a":0,"k":0,"ix":5},"nm":"Transform"}],"nm":"Group 1","np":4,"cix":2,"bm":0,"ix":1,"mn":"ADBE Vector Group","hd":false}],"ip":19,"op":140,"st":19,"bm":0},{"ddd":0,"ind":5,"ty":4,"nm":"A 4","tt":1,"sr":1,"ks":{"o":{"a":0,"k":100,"ix":11},"r":{"a":0,"k":0,"ix":10},"p":{"a":0,"k":[1596.716,560.889,0],"ix":2,"l":2},"a":{"a":0,"k":[47.713,54.873,0],"ix":1,"l":2},"s":{"a":0,"k":[147.558,147.558,100],"ix":6,"l":2}},"ao":0,"shapes":[{"ty":"gr","it":[{"ind":0,"ty":"sh","ix":1,"ks":{"a":0,"k":{"i":[[0,0],[14.8,4.799],[-5.201,7.099],[-11.6,9.201]],"o":[[0,17.399],[-8.9,-2.901],[7.199,-10.1],[0,0]],"v":[[24.6,11.4],[-11.7,35.001],[-19.299,16.501],[24.6,2.8]],"c":true},"ix":2},"nm":"Path 1","mn":"ADBE Vector Shape - Group","hd":false},{"ind":1,"ty":"sh","ix":2,"ks":{"a":0,"k":{"i":[[0.201,17],[10,11.5],[7.299,1.7],[11.8,-11.6],[0,0],[0,0],[-12,0.3],[-4.101,-5.1],[2.699,-3.099],[14.7,-2.901],[-3,-16.8],[-20.5,0],[0,0],[0,0],[0,0]],"o":[[-0.4,-16.599],[-3.1,-3.6],[-16.5,-4],[-6.4,6.3],[0,0],[2.2,-7.101],[10,-0.2],[3.599,4.5],[-6.5,7.601],[-16.8,3.299],[2.4,13.401],[25.3,0],[0,0],[0,0],[-0.1,-17]],"v":[[45,0.8],[37,-39.999],[19.701,-49.6],[-32,-40.299],[-40.4,-25.799],[-21.1,-21.1],[-0.2,-33.6],[21.701,-26.899],[22.701,-14.2],[-18.6,-4.999],[-44,29.6],[-9,53.6],[24.4,39.201],[25.6,53.6],[45.4,53.501]],"c":true},"ix":2},"nm":"Path 2","mn":"ADBE Vector Shape - Group","hd":false},{"ty":"mm","mm":1,"nm":"Merge Paths 1","mn":"ADBE Vector Filter - Merge","hd":false},{"ty":"fl","c":{"a":0,"k":[0,0.2,0.282352941176,1],"ix":4},"o":{"a":0,"k":100,"ix":5},"r":1,"bm":0,"nm":"Fill 1","mn":"ADBE Vector Graphic - Fill","hd":false},{"ty":"tr","p":{"a":0,"k":[47.25,53.849],"ix":2},"a":{"a":0,"k":[0,0],"ix":1},"s":{"a":0,"k":[100,100],"ix":3},"r":{"a":0,"k":0,"ix":6},"o":{"a":0,"k":100,"ix":7},"sk":{"a":0,"k":0,"ix":4},"sa":{"a":0,"k":0,"ix":5},"nm":"Transform"}],"nm":"Group 1","np":4,"cix":2,"bm":0,"ix":1,"mn":"ADBE Vector Group","hd":false}],"ip":19,"op":140,"st":19,"bm":0},{"ddd":0,"ind":8,"ty":4,"nm":"Shape Layer 5","td":1,"sr":1,"ks":{"o":{"a":0,"k":100,"ix":11},"r":{"a":0,"k":0,"ix":10},"p":{"a":0,"k":[1182.241,547.975,0],"ix":2,"l":2},"a":{"a":0,"k":[-393.797,22.457,0],"ix":1,"l":2},"s":{"a":0,"k":[57.64,57.64,100],"ix":6,"l":2}},"ao":0,"shapes":[{"ty":"gr","it":[{"ind":0,"ty":"sh","ix":1,"ks":{"a":0,"k":{"i":[[-8.72,15.779],[-20,17.5],[-1.5,-56.5],[0,0]],"o":[[10.5,-19],[29.013,-25.387],[2.233,84.119],[0,0]],"v":[[-13,-0.5],[24,-51],[171.5,-10],[173,197]],"c":false},"ix":2},"nm":"Path 1","mn":"ADBE Vector Shape - Group","hd":false},{"ty":"st","c":{"a":0,"k":[1,1,1,1],"ix":3},"o":{"a":0,"k":100,"ix":4},"w":{"a":0,"k":62,"ix":5},"lc":2,"lj":2,"bm":0,"nm":"Stroke 1","mn":"ADBE Vector Graphic - Stroke","hd":false},{"ty":"tr","p":{"a":0,"k":[0,0],"ix":2},"a":{"a":0,"k":[0,0],"ix":1},"s":{"a":0,"k":[100,100],"ix":3},"r":{"a":0,"k":0,"ix":6},"o":{"a":0,"k":100,"ix":7},"sk":{"a":0,"k":0,"ix":4},"sa":{"a":0,"k":0,"ix":5},"nm":"Transform"}],"nm":"Shape 1","np":3,"cix":2,"bm":0,"ix":2,"mn":"ADBE Vector Group","hd":false},{"ty":"tm","s":{"a":0,"k":0,"ix":1},"e":{"a":1,"k":[{"i":{"x":[0],"y":[1]},"o":{"x":[0.333],"y":[0]},"t":10,"s":[0]},{"t":34,"s":[100]}],"ix":2},"o":{"a":0,"k":0,"ix":3},"m":1,"ix":3,"nm":"Trim Paths 1","mn":"ADBE Vector Filter - Trim","hd":false}],"ip":10,"op":131,"st":10,"bm":0},{"ddd":0,"ind":9,"ty":4,"nm":"A 2","tt":1,"sr":1,"ks":{"o":{"a":0,"k":100,"ix":11},"r":{"a":0,"k":0,"ix":10},"p":{"a":0,"k":[1455.21,560.889,0],"ix":2,"l":2},"a":{"a":0,"k":[47.713,54.873,0],"ix":1,"l":2},"s":{"a":0,"k":[147.558,147.558,100],"ix":6,"l":2}},"ao":0,"shapes":[{"ty":"gr","it":[{"ind":0,"ty":"sh","ix":1,"ks":{"a":0,"k":{"i":[[0,0],[14.8,4.799],[-5.201,7.099],[-11.6,9.201]],"o":[[0,17.399],[-8.9,-2.901],[7.199,-10.1],[0,0]],"v":[[24.6,11.4],[-11.7,35.001],[-19.299,16.501],[24.6,2.8]],"c":true},"ix":2},"nm":"Path 1","mn":"ADBE Vector Shape - Group","hd":false},{"ind":1,"ty":"sh","ix":2,"ks":{"a":0,"k":{"i":[[0.201,17],[10,11.5],[7.299,1.7],[11.8,-11.6],[0,0],[0,0],[-12,0.3],[-4.101,-5.1],[2.699,-3.099],[14.7,-2.901],[-3,-16.8],[-20.5,0],[0,0],[0,0],[0,0]],"o":[[-0.4,-16.599],[-3.1,-3.6],[-16.5,-4],[-6.4,6.3],[0,0],[2.2,-7.101],[10,-0.2],[3.599,4.5],[-6.5,7.601],[-16.8,3.299],[2.4,13.401],[25.3,0],[0,0],[0,0],[-0.1,-17]],"v":[[45,0.8],[37,-39.999],[19.701,-49.6],[-32,-40.299],[-40.4,-25.799],[-21.1,-21.1],[-0.2,-33.6],[21.701,-26.899],[22.701,-14.2],[-18.6,-4.999],[-44,29.6],[-9,53.6],[24.4,39.201],[25.6,53.6],[45.4,53.501]],"c":true},"ix":2},"nm":"Path 2","mn":"ADBE Vector Shape - Group","hd":false},{"ty":"mm","mm":1,"nm":"Merge Paths 1","mn":"ADBE Vector Filter - Merge","hd":false},{"ty":"fl","c":{"a":0,"k":[0,0.2,0.282352941176,1],"ix":4},"o":{"a":0,"k":100,"ix":5},"r":1,"bm":0,"nm":"Fill 1","mn":"ADBE Vector Graphic - Fill","hd":false},{"ty":"tr","p":{"a":0,"k":[47.25,53.849],"ix":2},"a":{"a":0,"k":[0,0],"ix":1},"s":{"a":0,"k":[100,100],"ix":3},"r":{"a":0,"k":0,"ix":6},"o":{"a":0,"k":100,"ix":7},"sk":{"a":0,"k":0,"ix":4},"sa":{"a":0,"k":0,"ix":5},"nm":"Transform"}],"nm":"Group 1","np":4,"cix":2,"bm":0,"ix":1,"mn":"ADBE Vector Group","hd":false}],"ip":10,"op":131,"st":10,"bm":0},{"ddd":0,"ind":10,"ty":4,"nm":"A","tt":1,"sr":1,"ks":{"o":{"a":0,"k":100,"ix":11},"r":{"a":0,"k":0,"ix":10},"p":{"a":0,"k":[1455.21,560.889,0],"ix":2,"l":2},"a":{"a":0,"k":[47.713,54.873,0],"ix":1,"l":2},"s":{"a":0,"k":[147.558,147.558,100],"ix":6,"l":2}},"ao":0,"shapes":[{"ty":"gr","it":[{"ind":0,"ty":"sh","ix":1,"ks":{"a":0,"k":{"i":[[0,0],[14.8,4.799],[-5.201,7.099],[-11.6,9.201]],"o":[[0,17.399],[-8.9,-2.901],[7.199,-10.1],[0,0]],"v":[[24.6,11.4],[-11.7,35.001],[-19.299,16.501],[24.6,2.8]],"c":true},"ix":2},"nm":"Path 1","mn":"ADBE Vector Shape - Group","hd":false},{"ind":1,"ty":"sh","ix":2,"ks":{"a":0,"k":{"i":[[0.201,17],[10,11.5],[7.299,1.7],[11.8,-11.6],[0,0],[0,0],[-12,0.3],[-4.101,-5.1],[2.699,-3.099],[14.7,-2.901],[-3,-16.8],[-20.5,0],[0,0],[0,0],[0,0]],"o":[[-0.4,-16.599],[-3.1,-3.6],[-16.5,-4],[-6.4,6.3],[0,0],[2.2,-7.101],[10,-0.2],[3.599,4.5],[-6.5,7.601],[-16.8,3.299],[2.4,13.401],[25.3,0],[0,0],[0,0],[-0.1,-17]],"v":[[45,0.8],[37,-39.999],[19.701,-49.6],[-32,-40.299],[-40.4,-25.799],[-21.1,-21.1],[-0.2,-33.6],[21.701,-26.899],[22.701,-14.2],[-18.6,-4.999],[-44,29.6],[-9,53.6],[24.4,39.201],[25.6,53.6],[45.4,53.501]],"c":true},"ix":2},"nm":"Path 2","mn":"ADBE Vector Shape - Group","hd":false},{"ty":"mm","mm":1,"nm":"Merge Paths 1","mn":"ADBE Vector Filter - Merge","hd":false},{"ty":"fl","c":{"a":0,"k":[0,0.2,0.282352941176,1],"ix":4},"o":{"a":0,"k":100,"ix":5},"r":1,"bm":0,"nm":"Fill 1","mn":"ADBE Vector Graphic - Fill","hd":false},{"ty":"tr","p":{"a":0,"k":[47.25,53.849],"ix":2},"a":{"a":0,"k":[0,0],"ix":1},"s":{"a":0,"k":[100,100],"ix":3},"r":{"a":0,"k":0,"ix":6},"o":{"a":0,"k":100,"ix":7},"sk":{"a":0,"k":0,"ix":4},"sa":{"a":0,"k":0,"ix":5},"nm":"Transform"}],"nm":"Group 1","np":4,"cix":2,"bm":0,"ix":1,"mn":"ADBE Vector Group","hd":false}],"ip":10,"op":131,"st":10,"bm":0},{"ddd":0,"ind":11,"ty":4,"nm":"Shape Layer 4","td":1,"sr":1,"ks":{"o":{"a":0,"k":100,"ix":11},"r":{"a":0,"k":0,"ix":10},"p":{"a":0,"k":[1182.241,547.975,0],"ix":2,"l":2},"a":{"a":0,"k":[-393.797,22.457,0],"ix":1,"l":2},"s":{"a":0,"k":[57.64,57.64,100],"ix":6,"l":2}},"ao":0,"shapes":[{"ty":"gr","it":[{"ind":0,"ty":"sh","ix":1,"ks":{"a":0,"k":{"i":[[0,0],[0,0]],"o":[[0,0],[0,0]],"v":[[-28,-65],[-110,-66]],"c":false},"ix":2},"nm":"Path 1","mn":"ADBE Vector Shape - Group","hd":false},{"ty":"st","c":{"a":0,"k":[1,1,1,1],"ix":3},"o":{"a":0,"k":100,"ix":4},"w":{"a":0,"k":62,"ix":5},"lc":1,"lj":1,"ml":4,"bm":0,"nm":"Stroke 1","mn":"ADBE Vector Graphic - Stroke","hd":false},{"ty":"tr","p":{"a":0,"k":[0,0],"ix":2},"a":{"a":0,"k":[0,0],"ix":1},"s":{"a":0,"k":[100,100],"ix":3},"r":{"a":0,"k":0,"ix":6},"o":{"a":0,"k":100,"ix":7},"sk":{"a":0,"k":0,"ix":4},"sa":{"a":0,"k":0,"ix":5},"nm":"Transform"}],"nm":"Shape 2","np":3,"cix":2,"bm":0,"ix":1,"mn":"ADBE Vector Group","hd":false},{"ty":"gr","it":[{"ind":0,"ty":"sh","ix":1,"ks":{"a":0,"k":{"i":[[0,0],[-3.283,-25.792],[-26,0],[0,0]],"o":[[0,0],[3.5,27.5],[26,0],[0,0]],"v":[[-133.5,-152],[-131.5,110.5],[-84,151.5],[-30,149]],"c":false},"ix":2},"nm":"Path 1","mn":"ADBE Vector Shape - Group","hd":false},{"ty":"st","c":{"a":0,"k":[1,1,1,1],"ix":3},"o":{"a":0,"k":100,"ix":4},"w":{"a":0,"k":62,"ix":5},"lc":1,"lj":1,"ml":4,"bm":0,"nm":"Stroke 1","mn":"ADBE Vector Graphic - Stroke","hd":false},{"ty":"tr","p":{"a":0,"k":[0,0],"ix":2},"a":{"a":0,"k":[0,0],"ix":1},"s":{"a":0,"k":[100,100],"ix":3},"r":{"a":0,"k":0,"ix":6},"o":{"a":0,"k":100,"ix":7},"sk":{"a":0,"k":0,"ix":4},"sa":{"a":0,"k":0,"ix":5},"nm":"Transform"}],"nm":"Shape 1","np":3,"cix":2,"bm":0,"ix":2,"mn":"ADBE Vector Group","hd":false},{"ty":"tm","s":{"a":0,"k":0,"ix":1},"e":{"a":1,"k":[{"i":{"x":[0],"y":[1]},"o":{"x":[0.333],"y":[0]},"t":7,"s":[0]},{"t":31,"s":[100]}],"ix":2},"o":{"a":0,"k":0,"ix":3},"m":1,"ix":3,"nm":"Trim Paths 1","mn":"ADBE Vector Filter - Trim","hd":false}],"ip":7,"op":128,"st":7,"bm":0},{"ddd":0,"ind":12,"ty":4,"nm":"T","tt":1,"sr":1,"ks":{"o":{"a":0,"k":100,"ix":11},"r":{"a":0,"k":0,"ix":10},"p":{"a":0,"k":[1353.442,549.33,0],"ix":2,"l":2},"a":{"a":0,"k":[25.446,60.54,0],"ix":1,"l":2},"s":{"a":0,"k":[147.558,147.558,100],"ix":6,"l":2}},"ao":0,"shapes":[{"ty":"gr","it":[{"ind":0,"ty":"sh","ix":1,"ks":{"a":0,"k":{"i":[[0,0],[5.099,6.401],[0.099,0.901],[-0.2,5.2],[-6.8,0],[0,0],[6.8,0],[0,5.8],[0,0],[0,0],[-48.6,8.7]],"o":[[0,0],[-1.3,-1.699],[-1.901,-11.799],[6.8,0],[0,0],[-6.8,0.099],[0.099,-5.699],[0,0],[0,0],[0,17.299],[0,0]],"v":[[19.8,36.25],[0.901,33.949],[-0.899,29.649],[-1.399,-29.15],[19,-29.05],[19,-46.45],[-1.399,-46.351],[-1.3,-63.75],[-22.5,-63.75],[-22.5,21.35],[24.3,55.05]],"c":true},"ix":2},"nm":"Path 1","mn":"ADBE Vector Shape - Group","hd":false},{"ty":"fl","c":{"a":0,"k":[0,0.2,0.282352941176,1],"ix":4},"o":{"a":0,"k":100,"ix":5},"r":1,"bm":0,"nm":"Fill 1","mn":"ADBE Vector Graphic - Fill","hd":false},{"ty":"tr","p":{"a":0,"k":[24.55,64],"ix":2},"a":{"a":0,"k":[0,0],"ix":1},"s":{"a":0,"k":[100,100],"ix":3},"r":{"a":0,"k":0,"ix":6},"o":{"a":0,"k":100,"ix":7},"sk":{"a":0,"k":0,"ix":4},"sa":{"a":0,"k":0,"ix":5},"nm":"Transform"}],"nm":"Group 1","np":2,"cix":2,"bm":0,"ix":1,"mn":"ADBE Vector Group","hd":false}],"ip":7,"op":128,"st":7,"bm":0},{"ddd":0,"ind":13,"ty":4,"nm":"Shape Layer 2","td":1,"sr":1,"ks":{"o":{"a":0,"k":100,"ix":11},"r":{"a":0,"k":0,"ix":10},"p":{"a":0,"k":[1182.241,547.975,0],"ix":2,"l":2},"a":{"a":0,"k":[-393.797,22.457,0],"ix":1,"l":2},"s":{"a":0,"k":[57.64,57.64,100],"ix":6,"l":2}},"ao":0,"shapes":[{"ty":"gr","it":[{"ind":0,"ty":"sh","ix":1,"ks":{"a":0,"k":{"i":[[0,0],[0,0]],"o":[[0,0],[0,0]],"v":[[-216,183],[-216,-91]],"c":false},"ix":2},"nm":"Path 1","mn":"ADBE Vector Shape - Group","hd":false},{"ty":"st","c":{"a":0,"k":[1,1,1,1],"ix":3},"o":{"a":0,"k":100,"ix":4},"w":{"a":0,"k":62,"ix":5},"lc":1,"lj":1,"ml":4,"bm":0,"nm":"Stroke 1","mn":"ADBE Vector Graphic - Stroke","hd":false},{"ty":"tr","p":{"a":0,"k":[0,0],"ix":2},"a":{"a":0,"k":[0,0],"ix":1},"s":{"a":0,"k":[100,100],"ix":3},"r":{"a":0,"k":0,"ix":6},"o":{"a":0,"k":100,"ix":7},"sk":{"a":0,"k":0,"ix":4},"sa":{"a":0,"k":0,"ix":5},"nm":"Transform"}],"nm":"Shape 1","np":3,"cix":2,"bm":0,"ix":1,"mn":"ADBE Vector Group","hd":false},{"ty":"tm","s":{"a":0,"k":0,"ix":1},"e":{"a":1,"k":[{"i":{"x":[0],"y":[1]},"o":{"x":[0.333],"y":[0]},"t":4,"s":[0]},{"t":28,"s":[100]}],"ix":2},"o":{"a":0,"k":0,"ix":3},"m":1,"ix":2,"nm":"Trim Paths 1","mn":"ADBE Vector Filter - Trim","hd":false}],"ip":4,"op":125,"st":4,"bm":0},{"ddd":0,"ind":14,"ty":4,"nm":"i","tt":1,"sr":1,"ks":{"o":{"a":0,"k":100,"ix":11},"r":{"a":0,"k":0,"ix":10},"p":{"a":0,"k":[1285.203,562.846,0],"ix":2,"l":2},"a":{"a":0,"k":[11,51.5,0],"ix":1,"l":2},"s":{"a":0,"k":[147.558,147.558,100],"ix":6,"l":2}},"ao":0,"shapes":[{"ty":"gr","it":[{"ind":0,"ty":"sh","ix":1,"ks":{"a":0,"k":{"i":[[0,0],[0,0],[0,0],[0,0]],"o":[[0,0],[0,0],[0,0],[0,0]],"v":[[-10.75,-51.25],[10.75,-51.25],[10.75,51.25],[-10.75,51.25]],"c":true},"ix":2},"nm":"Path 1","mn":"ADBE Vector Shape - Group","hd":false},{"ty":"fl","c":{"a":0,"k":[0,0.2,0.282352941176,1],"ix":4},"o":{"a":0,"k":100,"ix":5},"r":1,"bm":0,"nm":"Fill 1","mn":"ADBE Vector Graphic - Fill","hd":false},{"ty":"tr","p":{"a":0,"k":[11,51.5],"ix":2},"a":{"a":0,"k":[0,0],"ix":1},"s":{"a":0,"k":[100,100],"ix":3},"r":{"a":0,"k":0,"ix":6},"o":{"a":0,"k":100,"ix":7},"sk":{"a":0,"k":0,"ix":4},"sa":{"a":0,"k":0,"ix":5},"nm":"Transform"}],"nm":"Group 1","np":2,"cix":2,"bm":0,"ix":1,"mn":"ADBE Vector Group","hd":false}],"ip":4,"op":125,"st":4,"bm":0},{"ddd":0,"ind":15,"ty":4,"nm":"Shape Layer 3","td":1,"sr":1,"ks":{"o":{"a":0,"k":100,"ix":11},"r":{"a":0,"k":0,"ix":10},"p":{"a":0,"k":[1234.001,535.607,0],"ix":2,"l":2},"a":{"a":0,"k":[-304,1,0],"ix":1,"l":2},"s":{"a":0,"k":[57.64,57.64,100],"ix":6,"l":2}},"ao":0,"shapes":[{"ty":"gr","it":[{"ind":0,"ty":"sh","ix":1,"ks":{"a":0,"k":{"i":[[0,0],[0,0]],"o":[[0,0],[0,0]],"v":[[-304,-202],[-304,204]],"c":false},"ix":2},"nm":"Path 1","mn":"ADBE Vector Shape - Group","hd":false},{"ty":"st","c":{"a":0,"k":[1,1,1,1],"ix":3},"o":{"a":0,"k":100,"ix":4},"w":{"a":0,"k":62,"ix":5},"lc":1,"lj":1,"ml":4,"bm":0,"nm":"Stroke 1","mn":"ADBE Vector Graphic - Stroke","hd":false},{"ty":"tr","p":{"a":0,"k":[0,0],"ix":2},"a":{"a":0,"k":[0,0],"ix":1},"s":{"a":0,"k":[100,100],"ix":3},"r":{"a":0,"k":0,"ix":6},"o":{"a":0,"k":100,"ix":7},"sk":{"a":0,"k":0,"ix":4},"sa":{"a":0,"k":0,"ix":5},"nm":"Transform"}],"nm":"Shape 1","np":3,"cix":2,"bm":0,"ix":1,"mn":"ADBE Vector Group","hd":false},{"ty":"tm","s":{"a":0,"k":0,"ix":1},"e":{"a":1,"k":[{"i":{"x":[0],"y":[1]},"o":{"x":[0.333],"y":[0]},"t":2,"s":[0]},{"t":26,"s":[100]}],"ix":2},"o":{"a":0,"k":0,"ix":3},"m":1,"ix":2,"nm":"Trim Paths 1","mn":"ADBE Vector Filter - Trim","hd":false}],"ip":2,"op":123,"st":2,"bm":0},{"ddd":0,"ind":16,"ty":4,"nm":"l","tt":1,"sr":1,"ks":{"o":{"a":0,"k":100,"ix":11},"r":{"a":0,"k":0,"ix":10},"p":{"a":0,"k":[1235.771,535.252,0],"ix":2,"l":2},"a":{"a":0,"k":[11,70.199,0],"ix":1,"l":2},"s":{"a":0,"k":[147.558,147.558,100],"ix":6,"l":2}},"ao":0,"shapes":[{"ty":"gr","it":[{"ind":0,"ty":"sh","ix":1,"ks":{"a":0,"k":{"i":[[0,0],[0,0],[0,0],[0,0]],"o":[[0,0],[0,0],[0,0],[0,0]],"v":[[-10.75,-69.949],[10.75,-69.949],[10.75,69.949],[-10.75,69.949]],"c":true},"ix":2},"nm":"Path 1","mn":"ADBE Vector Shape - Group","hd":false},{"ty":"fl","c":{"a":0,"k":[0,0.2,0.282352941176,1],"ix":4},"o":{"a":0,"k":100,"ix":5},"r":1,"bm":0,"nm":"Fill 1","mn":"ADBE Vector Graphic - Fill","hd":false},{"ty":"tr","p":{"a":0,"k":[11,70.199],"ix":2},"a":{"a":0,"k":[0,0],"ix":1},"s":{"a":0,"k":[100,100],"ix":3},"r":{"a":0,"k":0,"ix":6},"o":{"a":0,"k":100,"ix":7},"sk":{"a":0,"k":0,"ix":4},"sa":{"a":0,"k":0,"ix":5},"nm":"Transform"}],"nm":"Group 1","np":2,"cix":2,"bm":0,"ix":1,"mn":"ADBE Vector Group","hd":false}],"ip":2,"op":123,"st":2,"bm":0},{"ddd":0,"ind":17,"ty":4,"nm":"Shape Layer 1","td":1,"sr":1,"ks":{"o":{"a":0,"k":100,"ix":11},"r":{"a":0,"k":0,"ix":10},"p":{"a":0,"k":[1182.241,547.975,0],"ix":2,"l":2},"a":{"a":0,"k":[-393.797,22.457,0],"ix":1,"l":2},"s":{"a":0,"k":[57.64,57.64,100],"ix":6,"l":2}},"ao":0,"shapes":[{"ty":"gr","it":[{"ind":0,"ty":"sh","ix":1,"ks":{"a":0,"k":{"i":[[0,0],[0,0]],"o":[[0,0],[0,0]],"v":[[-489,-60],[-339,-60.5]],"c":false},"ix":2},"nm":"Path 1","mn":"ADBE Vector Shape - Group","hd":false},{"ty":"st","c":{"a":0,"k":[1,1,1,1],"ix":3},"o":{"a":0,"k":100,"ix":4},"w":{"a":0,"k":46,"ix":5},"lc":1,"lj":1,"ml":4,"bm":0,"nm":"Stroke 1","mn":"ADBE Vector Graphic - Stroke","hd":false},{"ty":"tr","p":{"a":0,"k":[0,0.5],"ix":2},"a":{"a":0,"k":[0,0],"ix":1},"s":{"a":0,"k":[100,100],"ix":3},"r":{"a":0,"k":0,"ix":6},"o":{"a":0,"k":100,"ix":7},"sk":{"a":0,"k":0,"ix":4},"sa":{"a":0,"k":0,"ix":5},"nm":"Transform"}],"nm":"Shape 2","np":3,"cix":2,"bm":0,"ix":1,"mn":"ADBE Vector Group","hd":false},{"ty":"gr","it":[{"ind":0,"ty":"sh","ix":1,"ks":{"a":0,"k":{"i":[[0,0],[-0.379,28.069],[-93,-2]],"o":[[0,0],[0.5,-37],[62.993,1.355]],"v":[[-436.5,201.5],[-437,-88],[-350.5,-156.5]],"c":false},"ix":2},"nm":"Path 1","mn":"ADBE Vector Shape - Group","hd":false},{"ty":"st","c":{"a":0,"k":[1,1,1,1],"ix":3},"o":{"a":0,"k":100,"ix":4},"w":{"a":0,"k":56,"ix":5},"lc":1,"lj":1,"ml":4,"bm":0,"nm":"Stroke 1","mn":"ADBE Vector Graphic - Stroke","hd":false},{"ty":"tr","p":{"a":0,"k":[0,0],"ix":2},"a":{"a":0,"k":[0,0],"ix":1},"s":{"a":0,"k":[100,100],"ix":3},"r":{"a":0,"k":0,"ix":6},"o":{"a":0,"k":100,"ix":7},"sk":{"a":0,"k":0,"ix":4},"sa":{"a":0,"k":0,"ix":5},"nm":"Transform"}],"nm":"Shape 1","np":3,"cix":2,"bm":0,"ix":2,"mn":"ADBE Vector Group","hd":false},{"ty":"tm","s":{"a":0,"k":0,"ix":1},"e":{"a":1,"k":[{"i":{"x":[0],"y":[1]},"o":{"x":[0.333],"y":[0]},"t":0,"s":[0]},{"t":24,"s":[100]}],"ix":2},"o":{"a":0,"k":0,"ix":3},"m":1,"ix":3,"nm":"Trim Paths 1","mn":"ADBE Vector Filter - Trim","hd":false}],"ip":0,"op":121,"st":0,"bm":0},{"ddd":0,"ind":18,"ty":4,"nm":"F","tt":1,"sr":1,"ks":{"o":{"a":0,"k":100,"ix":11},"r":{"a":0,"k":0,"ix":10},"p":{"a":0,"k":[1165.754,535.074,0],"ix":2,"l":2},"a":{"a":0,"k":[24.85,70.679,0],"ix":1,"l":2},"s":{"a":0,"k":[147.558,147.558,100],"ix":6,"l":2}},"ao":0,"shapes":[{"ty":"gr","it":[{"ind":0,"ty":"sh","ix":1,"ks":{"a":0,"k":{"i":[[-0.1,-10.8],[0,0],[0,0],[0,0],[0,0],[-0.1,-28.1],[0,0],[-0.1,28.2],[0,0],[0,0],[0,0],[0,0],[-5.2,6.7],[-3.3,2.1],[-15,-0.4],[0,0]],"o":[[0,0],[0,0],[0,0],[0,0],[0.1,28.1],[0,0],[0.1,-28.099],[0,0],[0,0],[0,0],[0,0],[0,-7.3],[0.5,-0.7],[6,-3.9],[0,0],[-10.6,-1]],"v":[[5.3,-40.65],[5.4,-31.249],[24.6,-31.249],[24.6,-14.15],[5.1,-14.15],[5.3,70.05],[-16.2,70.249],[-16,-14.15],[-24.6,-14.15],[-24.6,-31.249],[-15.9,-31.249],[-16.1,-40.95],[-11.5,-58.749],[-6,-63.849],[24.6,-69.849],[24.6,-51.549]],"c":true},"ix":2},"nm":"Path 1","mn":"ADBE Vector Shape - Group","hd":false},{"ty":"fl","c":{"a":0,"k":[0,0.2,0.282352941176,1],"ix":4},"o":{"a":0,"k":100,"ix":5},"r":1,"bm":0,"nm":"Fill 1","mn":"ADBE Vector Graphic - Fill","hd":false},{"ty":"tr","p":{"a":0,"k":[24.85,70.5],"ix":2},"a":{"a":0,"k":[0,0],"ix":1},"s":{"a":0,"k":[100,100],"ix":3},"r":{"a":0,"k":0,"ix":6},"o":{"a":0,"k":100,"ix":7},"sk":{"a":0,"k":0,"ix":4},"sa":{"a":0,"k":0,"ix":5},"nm":"Transform"}],"nm":"Group 1","np":2,"cix":2,"bm":0,"ix":1,"mn":"ADBE Vector Group","hd":false}],"ip":0,"op":121,"st":0,"bm":0}]}],"layers":[{"ddd":0,"ind":1,"ty":4,"nm":".","parent":6,"sr":1,"ks":{"o":{"a":0,"k":100,"ix":11},"r":{"a":0,"k":0,"ix":10},"p":{"a":1,"k":[{"i":{"x":1,"y":1},"o":{"x":1,"y":0},"t":32,"s":[225.949,-76.55,0],"to":[0,3,0],"ti":[0,-3,0]},{"t":39,"s":[225.949,-58.55,0]}],"ix":2,"l":2,"x":"var $bm_rt;\nvar fx, o, amp, freq, decay, amp, freq, decay, amp, freq, decay, amp, freq, decay, amp, freq, decay, amp, freq, decay, amp, freq, decay, n, t, v;\ntry {\n    fx = effect('Elastic - Position');\n    o = $bm_div(fx('Pseudo/0.629203895860809-0002'), 100);\n    switch (fx('Pseudo/0.629203895860809-0003').value) {\n    case 1:\n        amp = $bm_sum(1.5, $bm_mul(1.5, o));\n        freq = 5;\n        $bm_rt = decay = 5;\n        break;\n    case 2:\n        amp = $bm_sum(2.2, $bm_mul(2.2, o));\n        freq = 4;\n        $bm_rt = decay = 4;\n        break;\n    case 3:\n        amp = $bm_sum(3, $bm_mul(3, o));\n        freq = 3;\n        $bm_rt = decay = 3;\n        break;\n    case 4:\n        amp = $bm_sum(4, $bm_mul(4, o));\n        freq = 2;\n        $bm_rt = decay = 2;\n        break;\n    case 5:\n        amp = $bm_sum(5, $bm_mul(5, o));\n        freq = 1.5;\n        $bm_rt = decay = 1.5;\n        break;\n    case 6:\n        amp = $bm_sum(6, $bm_mul(6, o));\n        freq = 1.2;\n        $bm_rt = decay = 1;\n        break;\n    default:\n        amp = $bm_sum(fx('Pseudo/0.629203895860809-0005'), $bm_mul(4, o));\n        freq = fx('Pseudo/0.629203895860809-0006');\n        $bm_rt = decay = fx('Pseudo/0.629203895860809-0007');\n        break;\n    }\n    if (fx('Pseudo/0.629203895860809-0001') == 0) {\n        $bm_rt = value;\n    } else {\n        n = 0, 0 < numKeys && (n = nearestKey(time).index, key(n).time > time && n--), t = 0 === n ? 0 : $bm_sub(time, key(n).time), $bm_rt = 0 < n ? (v = velocityAtTime($bm_sub(key(n).time, $bm_div(thisComp.frameDuration, 10))), $bm_sum(value, $bm_mul($bm_div($bm_mul($bm_mul($bm_div(v, 100), amp), Math.sin($bm_mul($bm_mul($bm_mul(freq, t), 2), Math.PI))), Math.exp($bm_mul(decay, t))), o))) : value;\n    }\n} catch (err) {\n    $bm_rt = value;\n}"},"a":{"a":0,"k":[12.1,12.1,0],"ix":1,"l":2},"s":{"a":0,"k":[100,100,100],"ix":6,"l":2}},"ao":0,"ef":[{"ty":5,"nm":"Elastic - Position","np":10,"mn":"Pseudo/0.629203895860809","ix":1,"en":1,"ef":[{"ty":7,"nm":"Enable","mn":"Pseudo/0.629203895860809-0001","ix":1,"v":{"a":0,"k":1,"ix":1}},{"ty":0,"nm":"Overshooting","mn":"Pseudo/0.629203895860809-0002","ix":2,"v":{"a":0,"k":100,"ix":2}},{"ty":7,"nm":"Presets","mn":"Pseudo/0.629203895860809-0003","ix":3,"v":{"a":0,"k":1,"ix":3}},{"ty":6,"nm":"Custom Values","mn":"Pseudo/0.629203895860809-0004","ix":4,"v":0},{"ty":0,"nm":"Amp","mn":"Pseudo/0.629203895860809-0005","ix":5,"v":{"a":0,"k":5,"ix":5}},{"ty":0,"nm":"Freq","mn":"Pseudo/0.629203895860809-0006","ix":6,"v":{"a":0,"k":2,"ix":6}},{"ty":0,"nm":"Decay","mn":"Pseudo/0.629203895860809-0007","ix":7,"v":{"a":0,"k":2,"ix":7}},{"ty":6,"nm":"Elastic Motion","mn":"Pseudo/0.629203895860809-0008","ix":8,"v":0}]}],"shapes":[{"ty":"gr","it":[{"ind":0,"ty":"sh","ix":1,"ks":{"a":0,"k":{"i":[[-1.9,-1.9],[0,0],[1.899,-1.9],[0,0],[1.9,1.9],[0,0],[-1.901,1.9],[0,0]],"o":[[0,0],[1.899,1.9],[0,0],[-1.9,1.9],[0,0],[-1.901,-1.9],[0,0],[1.9,-1.9]],"v":[[3.451,-9.95],[9.951,-3.45],[9.951,3.45],[3.451,9.95],[-3.449,9.95],[-9.949,3.45],[-9.949,-3.45],[-3.449,-9.95]],"c":true},"ix":2},"nm":"Path 1","mn":"ADBE Vector Shape - Group","hd":false},{"ty":"fl","c":{"a":0,"k":[0.509803921569,0.792156922583,0.690196078431,1],"ix":4},"o":{"a":0,"k":100,"ix":5},"r":1,"bm":0,"nm":"Fill 1","mn":"ADBE Vector Graphic - Fill","hd":false},{"ty":"tr","p":{"a":0,"k":[12.1,12.1],"ix":2},"a":{"a":0,"k":[0,0],"ix":1},"s":{"a":0,"k":[100,100],"ix":3},"r":{"a":0,"k":0,"ix":6},"o":{"a":0,"k":100,"ix":7},"sk":{"a":0,"k":0,"ix":4},"sa":{"a":0,"k":0,"ix":5},"nm":"Transform"}],"nm":"Group 1","np":2,"cix":2,"bm":0,"ix":1,"mn":"ADBE Vector Group","hd":false}],"ip":32,"op":116,"st":26,"bm":0},{"ddd":0,"ind":2,"ty":3,"nm":"Null 2","parent":6,"sr":1,"ks":{"o":{"a":0,"k":0,"ix":11},"r":{"a":0,"k":0,"ix":10},"p":{"a":0,"k":[162.611,18.499,0],"ix":2,"l":2},"a":{"a":0,"k":[0,0,0],"ix":1,"l":2},"s":{"a":0,"k":[34,34,100],"ix":6,"l":2}},"ao":0,"ip":25,"op":116,"st":0,"bm":0},{"ddd":0,"ind":3,"ty":0,"nm":"txt 1","parent":2,"refId":"comp_0","sr":1,"ks":{"o":{"a":0,"k":100,"ix":11},"r":{"a":0,"k":0,"ix":10},"p":{"a":0,"k":[-550.847,-55.682,0],"ix":2,"l":2},"a":{"a":0,"k":[960,540,0],"ix":1,"l":2},"s":{"a":0,"k":[227.273,227.273,100],"ix":6,"l":2}},"ao":0,"w":1920,"h":1080,"ip":31,"op":147,"st":31,"bm":0},{"ddd":0,"ind":4,"ty":0,"nm":"txt 3","parent":2,"refId":"comp_1","sr":1,"ks":{"o":{"a":0,"k":100,"ix":11},"r":{"a":0,"k":0,"ix":10},"p":{"a":0,"k":[-550.847,-55.682,0],"ix":2,"l":2},"a":{"a":0,"k":[960,540,0],"ix":1,"l":2},"s":{"a":0,"k":[227.273,227.273,100],"ix":6,"l":2}},"ao":0,"w":1920,"h":1080,"ip":28,"op":144,"st":28,"bm":0},{"ddd":0,"ind":5,"ty":0,"nm":"txt 1","parent":2,"refId":"comp_0","sr":1,"ks":{"o":{"a":0,"k":100,"ix":11},"r":{"a":0,"k":0,"ix":10},"p":{"a":0,"k":[-550.847,-55.682,0],"ix":2,"l":2},"a":{"a":0,"k":[960,540,0],"ix":1,"l":2},"s":{"a":0,"k":[227.273,227.273,100],"ix":6,"l":2}},"ao":0,"w":1920,"h":1080,"ip":25,"op":141,"st":25,"bm":0},{"ddd":0,"ind":6,"ty":3,"nm":"Null 1","sr":1,"ks":{"o":{"a":0,"k":0,"ix":11},"r":{"a":0,"k":0,"ix":10},"p":{"a":1,"k":[{"i":{"x":0,"y":1},"o":{"x":0.333,"y":0},"t":23,"s":[990,548,0],"to":[-37,0,0],"ti":[37,0,0]},{"t":45,"s":[768,548,0]}],"ix":2,"l":2},"a":{"a":0,"k":[0,0,0],"ix":1,"l":2},"s":{"a":1,"k":[{"i":{"x":[0,0,0.667],"y":[1,1,1]},"o":{"x":[0.333,0.333,0.333],"y":[0,0,0]},"t":23,"s":[131,131,100]},{"t":45,"s":[100,100,100]}],"ix":6,"l":2}},"ao":0,"ip":0,"op":116,"st":0,"bm":0},{"ddd":0,"ind":7,"ty":4,"nm":" ball 2","parent":13,"sr":1,"ks":{"o":{"a":1,"k":[{"i":{"x":[0.833],"y":[0.833]},"o":{"x":[0.167],"y":[0.167]},"t":34,"s":[0]},{"i":{"x":[0.833],"y":[0.833]},"o":{"x":[0.167],"y":[0.167]},"t":38,"s":[100]},{"t":42,"s":[0]}],"ix":11},"r":{"a":0,"k":0,"ix":10},"p":{"a":0,"k":[109.75,118.25,0],"ix":2,"l":2},"a":{"a":0,"k":[10.45,10.45,0],"ix":1,"l":2},"s":{"a":0,"k":[100,100,100],"ix":6,"l":2}},"ao":0,"shapes":[{"ty":"gr","it":[{"ind":0,"ty":"sh","ix":1,"ks":{"a":0,"k":{"i":[[5.7,0],[0,-5.6],[-5.6,0],[0,5.6]],"o":[[-5.6,0],[0,5.6],[5.6,0],[0,-5.6]],"v":[[0,-10.2],[-10.2,0],[0,10.2],[10.2,0]],"c":true},"ix":2},"nm":"Path 1","mn":"ADBE Vector Shape - Group","hd":false},{"ty":"fl","c":{"a":0,"k":[1,1,1,1],"ix":4},"o":{"a":0,"k":100,"ix":5},"r":1,"bm":0,"nm":"Fill 1","mn":"ADBE Vector Graphic - Fill","hd":false},{"ty":"tr","p":{"a":0,"k":[10.45,10.45],"ix":2},"a":{"a":0,"k":[0,0],"ix":1},"s":{"a":0,"k":[100,100],"ix":3},"r":{"a":0,"k":0,"ix":6},"o":{"a":0,"k":100,"ix":7},"sk":{"a":0,"k":0,"ix":4},"sa":{"a":0,"k":0,"ix":5},"nm":"Transform"}],"nm":"Group 1","np":2,"cix":2,"bm":0,"ix":1,"mn":"ADBE Vector Group","hd":false}],"ip":34,"op":46,"st":0,"bm":0},{"ddd":0,"ind":8,"ty":4,"nm":" ball","parent":13,"sr":1,"ks":{"o":{"a":1,"k":[{"i":{"x":[0.833],"y":[0.833]},"o":{"x":[0.167],"y":[0.167]},"t":16,"s":[0]},{"t":25,"s":[100]}],"ix":11},"r":{"a":0,"k":0,"ix":10},"p":{"a":0,"k":[109.75,118.25,0],"ix":2,"l":2},"a":{"a":0,"k":[10.45,10.45,0],"ix":1,"l":2},"s":{"a":0,"k":[100,100,100],"ix":6,"l":2}},"ao":0,"shapes":[{"ty":"gr","it":[{"ind":0,"ty":"sh","ix":1,"ks":{"a":0,"k":{"i":[[5.7,0],[0,-5.6],[-5.6,0],[0,5.6]],"o":[[-5.6,0],[0,5.6],[5.6,0],[0,-5.6]],"v":[[0,-10.2],[-10.2,0],[0,10.2],[10.2,0]],"c":true},"ix":2},"nm":"Path 1","mn":"ADBE Vector Shape - Group","hd":false},{"ty":"fl","c":{"a":0,"k":[0.094117654539,0.552941176471,0.317647058824,1],"ix":4},"o":{"a":0,"k":100,"ix":5},"r":1,"bm":0,"nm":"Fill 1","mn":"ADBE Vector Graphic - Fill","hd":false},{"ty":"tr","p":{"a":0,"k":[10.45,10.45],"ix":2},"a":{"a":0,"k":[0,0],"ix":1},"s":{"a":0,"k":[100,100],"ix":3},"r":{"a":0,"k":0,"ix":6},"o":{"a":0,"k":100,"ix":7},"sk":{"a":0,"k":0,"ix":4},"sa":{"a":0,"k":0,"ix":5},"nm":"Transform"}],"nm":"Group 1","np":2,"cix":2,"bm":0,"ix":1,"mn":"ADBE Vector Group","hd":false}],"ip":16,"op":116,"st":0,"bm":0},{"ddd":0,"ind":9,"ty":4,"nm":"Icons 2","parent":6,"sr":1,"ks":{"o":{"a":1,"k":[{"i":{"x":[0.833],"y":[0.833]},"o":{"x":[0.167],"y":[0.167]},"t":3,"s":[0]},{"t":10,"s":[100]}],"ix":11},"r":{"a":0,"k":0,"ix":10},"p":{"a":1,"k":[{"i":{"x":0,"y":1},"o":{"x":0.333,"y":0},"t":0,"s":[-397.7,-8,0],"to":[65.833,0,0],"ti":[-65.833,0,0]},{"t":19,"s":[-2.7,-8,0]}],"ix":2,"l":2},"a":{"a":0,"k":[93.05,90.55,0],"ix":1,"l":2},"s":{"a":0,"k":[100,100,100],"ix":6,"l":2}},"ao":0,"shapes":[{"ty":"gr","it":[{"ind":0,"ty":"sh","ix":1,"ks":{"a":0,"k":{"i":[[10,10.4],[0,0],[-21.6,0],[-8.1,-19.4],[0,0]],"o":[[0,0],[8,-19.6],[21.4,0],[0,0],[-10.4,10.1]],"v":[[-21.7,62],[-50.7,32.1],[-1.8,-0.8],[47,31.8],[15.3,62.5]],"c":true},"ix":2},"nm":"Path 1","mn":"ADBE Vector Shape - Group","hd":false},{"ind":1,"ty":"sh","ix":2,"ks":{"a":0,"k":{"i":[[-5.1,4.8],[0,0],[-6.8,0],[0,0],[-4.9,-5.1],[0,0],[7.9,-10.1],[26.9,0],[12.7,-22.8],[-0.1,6.6]],"o":[[0,0],[4.9,-4.8],[0,0],[7,0.1],[0,0],[9.2,9.5],[-12.7,-22.9],[-26.8,0],[-4.3,-4.9],[0.2,-6.9]],"v":[[-64.2,-19.4],[-19.8,-62.5],[-1.6,-69.9],[-1.2,-69.9],[17.2,-61.9],[60.3,-17.5],[62.1,16.7],[-1.9,-21.2],[-65.8,16.5],[-72.3,-1.1]],"c":true},"ix":2},"nm":"Path 2","mn":"ADBE Vector Shape - Group","hd":false},{"ind":2,"ty":"sh","ix":3,"ks":{"a":0,"k":{"i":[[17.8,18.4],[0,0],[12.4,0.2],[0,0],[8.8,-8.5],[0,0],[0.2,-12.4],[-8.6,-8.9],[0,0],[-12.1,0],[-9.1,8.8],[0,0],[0,0]],"o":[[0,0],[-8.7,-8.9],[0,0],[-12.2,0],[0,0],[-8.9,8.7],[-0.2,12.4],[0,0],[9.1,9.4],[11.7,0],[0,0],[0,0],[18.4,-17.8]],"v":[[75,-31.7],[31.9,-76.1],[-0.8,-90.3],[-1.6,-90.3],[-34,-77.2],[-78.4,-34.1],[-92.6,-1.4],[-79.5,31.7],[-36.4,76.2],[-3,90.3],[29.4,77.2],[68.1,39.7],[73.9,34.1]],"c":true},"ix":2},"nm":"Path 3","mn":"ADBE Vector Shape - Group","hd":false},{"ty":"mm","mm":1,"nm":"Merge Paths 1","mn":"ADBE Vector Filter - Merge","hd":false},{"ty":"fl","c":{"a":0,"k":[0.094117654539,0.552941176471,0.317647058824,1],"ix":4},"o":{"a":0,"k":100,"ix":5},"r":1,"bm":0,"nm":"Fill 1","mn":"ADBE Vector Graphic - Fill","hd":false},{"ty":"tr","p":{"a":0,"k":[93.05,90.55],"ix":2},"a":{"a":0,"k":[0,0],"ix":1},"s":{"a":0,"k":[100,100],"ix":3},"r":{"a":0,"k":0,"ix":6},"o":{"a":0,"k":100,"ix":7},"sk":{"a":0,"k":0,"ix":4},"sa":{"a":0,"k":0,"ix":5},"nm":"Transform"}],"nm":"Group 1","np":5,"cix":2,"bm":0,"ix":1,"mn":"ADBE Vector Group","hd":false}],"ip":0,"op":116,"st":0,"bm":0},{"ddd":0,"ind":10,"ty":4,"nm":"Icons 3","parent":6,"sr":1,"ks":{"o":{"a":1,"k":[{"i":{"x":[0.833],"y":[0.833]},"o":{"x":[0.167],"y":[0.167]},"t":5,"s":[0]},{"t":12,"s":[100]}],"ix":11},"r":{"a":0,"k":0,"ix":10},"p":{"a":1,"k":[{"i":{"x":0,"y":1},"o":{"x":0.333,"y":0},"t":2,"s":[-397.7,-8,0],"to":[65.833,0,0],"ti":[-65.833,0,0]},{"t":21,"s":[-2.7,-8,0]}],"ix":2,"l":2},"a":{"a":0,"k":[93.05,90.55,0],"ix":1,"l":2},"s":{"a":0,"k":[100,100,100],"ix":6,"l":2}},"ao":0,"shapes":[{"ty":"gr","it":[{"ind":0,"ty":"sh","ix":1,"ks":{"a":0,"k":{"i":[[10,10.4],[0,0],[-21.6,0],[-8.1,-19.4],[0,0]],"o":[[0,0],[8,-19.6],[21.4,0],[0,0],[-10.4,10.1]],"v":[[-21.7,62],[-50.7,32.1],[-1.8,-0.8],[47,31.8],[15.3,62.5]],"c":true},"ix":2},"nm":"Path 1","mn":"ADBE Vector Shape - Group","hd":false},{"ind":1,"ty":"sh","ix":2,"ks":{"a":0,"k":{"i":[[-5.1,4.8],[0,0],[-6.8,0],[0,0],[-4.9,-5.1],[0,0],[7.9,-10.1],[26.9,0],[12.7,-22.8],[-0.1,6.6]],"o":[[0,0],[4.9,-4.8],[0,0],[7,0.1],[0,0],[9.2,9.5],[-12.7,-22.9],[-26.8,0],[-4.3,-4.9],[0.2,-6.9]],"v":[[-64.2,-19.4],[-19.8,-62.5],[-1.6,-69.9],[-1.2,-69.9],[17.2,-61.9],[60.3,-17.5],[62.1,16.7],[-1.9,-21.2],[-65.8,16.5],[-72.3,-1.1]],"c":true},"ix":2},"nm":"Path 2","mn":"ADBE Vector Shape - Group","hd":false},{"ind":2,"ty":"sh","ix":3,"ks":{"a":0,"k":{"i":[[17.8,18.4],[0,0],[12.4,0.2],[0,0],[8.8,-8.5],[0,0],[0.2,-12.4],[-8.6,-8.9],[0,0],[-12.1,0],[-9.1,8.8],[0,0],[0,0]],"o":[[0,0],[-8.7,-8.9],[0,0],[-12.2,0],[0,0],[-8.9,8.7],[-0.2,12.4],[0,0],[9.1,9.4],[11.7,0],[0,0],[0,0],[18.4,-17.8]],"v":[[75,-31.7],[31.9,-76.1],[-0.8,-90.3],[-1.6,-90.3],[-34,-77.2],[-78.4,-34.1],[-92.6,-1.4],[-79.5,31.7],[-36.4,76.2],[-3,90.3],[29.4,77.2],[68.1,39.7],[73.9,34.1]],"c":true},"ix":2},"nm":"Path 3","mn":"ADBE Vector Shape - Group","hd":false},{"ty":"mm","mm":1,"nm":"Merge Paths 1","mn":"ADBE Vector Filter - Merge","hd":false},{"ty":"fl","c":{"a":0,"k":[0.048504418018,0.325490196078,0.183446218453,1],"ix":4},"o":{"a":0,"k":100,"ix":5},"r":1,"bm":0,"nm":"Fill 1","mn":"ADBE Vector Graphic - Fill","hd":false},{"ty":"tr","p":{"a":0,"k":[93.05,90.55],"ix":2},"a":{"a":0,"k":[0,0],"ix":1},"s":{"a":0,"k":[100,100],"ix":3},"r":{"a":0,"k":0,"ix":6},"o":{"a":0,"k":100,"ix":7},"sk":{"a":0,"k":0,"ix":4},"sa":{"a":0,"k":0,"ix":5},"nm":"Transform"}],"nm":"Group 1","np":5,"cix":2,"bm":0,"ix":1,"mn":"ADBE Vector Group","hd":false}],"ip":2,"op":116,"st":2,"bm":0},{"ddd":0,"ind":11,"ty":4,"nm":"Icons 4","parent":6,"sr":1,"ks":{"o":{"a":1,"k":[{"i":{"x":[0.833],"y":[0.833]},"o":{"x":[0.167],"y":[0.167]},"t":7,"s":[0]},{"t":14,"s":[100]}],"ix":11},"r":{"a":0,"k":0,"ix":10},"p":{"a":1,"k":[{"i":{"x":0,"y":1},"o":{"x":0.333,"y":0},"t":4,"s":[-397.7,-8,0],"to":[65.833,0,0],"ti":[-65.833,0,0]},{"t":23,"s":[-2.7,-8,0]}],"ix":2,"l":2},"a":{"a":0,"k":[93.05,90.55,0],"ix":1,"l":2},"s":{"a":0,"k":[100,100,100],"ix":6,"l":2}},"ao":0,"shapes":[{"ty":"gr","it":[{"ind":0,"ty":"sh","ix":1,"ks":{"a":0,"k":{"i":[[10,10.4],[0,0],[-21.6,0],[-8.1,-19.4],[0,0]],"o":[[0,0],[8,-19.6],[21.4,0],[0,0],[-10.4,10.1]],"v":[[-21.7,62],[-50.7,32.1],[-1.8,-0.8],[47,31.8],[15.3,62.5]],"c":true},"ix":2},"nm":"Path 1","mn":"ADBE Vector Shape - Group","hd":false},{"ind":1,"ty":"sh","ix":2,"ks":{"a":0,"k":{"i":[[-5.1,4.8],[0,0],[-6.8,0],[0,0],[-4.9,-5.1],[0,0],[7.9,-10.1],[26.9,0],[12.7,-22.8],[-0.1,6.6]],"o":[[0,0],[4.9,-4.8],[0,0],[7,0.1],[0,0],[9.2,9.5],[-12.7,-22.9],[-26.8,0],[-4.3,-4.9],[0.2,-6.9]],"v":[[-64.2,-19.4],[-19.8,-62.5],[-1.6,-69.9],[-1.2,-69.9],[17.2,-61.9],[60.3,-17.5],[62.1,16.7],[-1.9,-21.2],[-65.8,16.5],[-72.3,-1.1]],"c":true},"ix":2},"nm":"Path 2","mn":"ADBE Vector Shape - Group","hd":false},{"ind":2,"ty":"sh","ix":3,"ks":{"a":0,"k":{"i":[[17.8,18.4],[0,0],[12.4,0.2],[0,0],[8.8,-8.5],[0,0],[0.2,-12.4],[-8.6,-8.9],[0,0],[-12.1,0],[-9.1,8.8],[0,0],[0,0]],"o":[[0,0],[-8.7,-8.9],[0,0],[-12.2,0],[0,0],[-8.9,8.7],[-0.2,12.4],[0,0],[9.1,9.4],[11.7,0],[0,0],[0,0],[18.4,-17.8]],"v":[[75,-31.7],[31.9,-76.1],[-0.8,-90.3],[-1.6,-90.3],[-34,-77.2],[-78.4,-34.1],[-92.6,-1.4],[-79.5,31.7],[-36.4,76.2],[-3,90.3],[29.4,77.2],[68.1,39.7],[73.9,34.1]],"c":true},"ix":2},"nm":"Path 3","mn":"ADBE Vector Shape - Group","hd":false},{"ty":"mm","mm":1,"nm":"Merge Paths 1","mn":"ADBE Vector Filter - Merge","hd":false},{"ty":"fl","c":{"a":0,"k":[0.047058823529,0.325490196078,0.18431372549,1],"ix":4},"o":{"a":0,"k":100,"ix":5},"r":1,"bm":0,"nm":"Fill 1","mn":"ADBE Vector Graphic - Fill","hd":false},{"ty":"tr","p":{"a":0,"k":[93.05,90.55],"ix":2},"a":{"a":0,"k":[0,0],"ix":1},"s":{"a":0,"k":[100,100],"ix":3},"r":{"a":0,"k":0,"ix":6},"o":{"a":0,"k":100,"ix":7},"sk":{"a":0,"k":0,"ix":4},"sa":{"a":0,"k":0,"ix":5},"nm":"Transform"}],"nm":"Group 1","np":5,"cix":2,"bm":0,"ix":1,"mn":"ADBE Vector Group","hd":false}],"ip":4,"op":116,"st":4,"bm":0},{"ddd":0,"ind":12,"ty":4,"nm":"Icons 5","parent":6,"sr":1,"ks":{"o":{"a":1,"k":[{"i":{"x":[0.833],"y":[0.833]},"o":{"x":[0.167],"y":[0.167]},"t":9,"s":[0]},{"t":16,"s":[100]}],"ix":11},"r":{"a":0,"k":0,"ix":10},"p":{"a":1,"k":[{"i":{"x":0,"y":1},"o":{"x":0.333,"y":0},"t":6,"s":[-397.7,-8,0],"to":[65.833,0,0],"ti":[-65.833,0,0]},{"t":25,"s":[-2.7,-8,0]}],"ix":2,"l":2},"a":{"a":0,"k":[93.05,90.55,0],"ix":1,"l":2},"s":{"a":0,"k":[100,100,100],"ix":6,"l":2}},"ao":0,"shapes":[{"ty":"gr","it":[{"ind":0,"ty":"sh","ix":1,"ks":{"a":0,"k":{"i":[[10,10.4],[0,0],[-21.6,0],[-8.1,-19.4],[0,0]],"o":[[0,0],[8,-19.6],[21.4,0],[0,0],[-10.4,10.1]],"v":[[-21.7,62],[-50.7,32.1],[-1.8,-0.8],[47,31.8],[15.3,62.5]],"c":true},"ix":2},"nm":"Path 1","mn":"ADBE Vector Shape - Group","hd":false},{"ind":1,"ty":"sh","ix":2,"ks":{"a":0,"k":{"i":[[-5.1,4.8],[0,0],[-6.8,0],[0,0],[-4.9,-5.1],[0,0],[7.9,-10.1],[26.9,0],[12.7,-22.8],[-0.1,6.6]],"o":[[0,0],[4.9,-4.8],[0,0],[7,0.1],[0,0],[9.2,9.5],[-12.7,-22.9],[-26.8,0],[-4.3,-4.9],[0.2,-6.9]],"v":[[-64.2,-19.4],[-19.8,-62.5],[-1.6,-69.9],[-1.2,-69.9],[17.2,-61.9],[60.3,-17.5],[62.1,16.7],[-1.9,-21.2],[-65.8,16.5],[-72.3,-1.1]],"c":true},"ix":2},"nm":"Path 2","mn":"ADBE Vector Shape - Group","hd":false},{"ind":2,"ty":"sh","ix":3,"ks":{"a":0,"k":{"i":[[17.8,18.4],[0,0],[12.4,0.2],[0,0],[8.8,-8.5],[0,0],[0.2,-12.4],[-8.6,-8.9],[0,0],[-12.1,0],[-9.1,8.8],[0,0],[0,0]],"o":[[0,0],[-8.7,-8.9],[0,0],[-12.2,0],[0,0],[-8.9,8.7],[-0.2,12.4],[0,0],[9.1,9.4],[11.7,0],[0,0],[0,0],[18.4,-17.8]],"v":[[75,-31.7],[31.9,-76.1],[-0.8,-90.3],[-1.6,-90.3],[-34,-77.2],[-78.4,-34.1],[-92.6,-1.4],[-79.5,31.7],[-36.4,76.2],[-3,90.3],[29.4,77.2],[68.1,39.7],[73.9,34.1]],"c":true},"ix":2},"nm":"Path 3","mn":"ADBE Vector Shape - Group","hd":false},{"ty":"mm","mm":1,"nm":"Merge Paths 1","mn":"ADBE Vector Filter - Merge","hd":false},{"ty":"fl","c":{"a":0,"k":[0.047058823529,0.325490196078,0.18431372549,1],"ix":4},"o":{"a":0,"k":100,"ix":5},"r":1,"bm":0,"nm":"Fill 1","mn":"ADBE Vector Graphic - Fill","hd":false},{"ty":"tr","p":{"a":0,"k":[93.05,90.55],"ix":2},"a":{"a":0,"k":[0,0],"ix":1},"s":{"a":0,"k":[100,100],"ix":3},"r":{"a":0,"k":0,"ix":6},"o":{"a":0,"k":100,"ix":7},"sk":{"a":0,"k":0,"ix":4},"sa":{"a":0,"k":0,"ix":5},"nm":"Transform"}],"nm":"Group 1","np":5,"cix":2,"bm":0,"ix":1,"mn":"ADBE Vector Group","hd":false}],"ip":6,"op":116,"st":6,"bm":0},{"ddd":0,"ind":13,"ty":4,"nm":"Icons","parent":6,"sr":1,"ks":{"o":{"a":1,"k":[{"i":{"x":[0.833],"y":[0.833]},"o":{"x":[0.167],"y":[0.167]},"t":11,"s":[0]},{"t":18,"s":[100]}],"ix":11},"r":{"a":0,"k":0,"ix":10},"p":{"a":1,"k":[{"i":{"x":0,"y":1},"o":{"x":0.333,"y":0},"t":8,"s":[-397.7,-8,0],"to":[65.833,0,0],"ti":[-65.833,0,0]},{"t":27,"s":[-2.7,-8,0]}],"ix":2,"l":2},"a":{"a":0,"k":[93.05,90.55,0],"ix":1,"l":2},"s":{"a":0,"k":[100,100,100],"ix":6,"l":2}},"ao":0,"shapes":[{"ty":"gr","it":[{"ind":0,"ty":"sh","ix":1,"ks":{"a":0,"k":{"i":[[10,10.4],[0,0],[-21.6,0],[-8.1,-19.4],[0,0]],"o":[[0,0],[8,-19.6],[21.4,0],[0,0],[-10.4,10.1]],"v":[[-21.7,62],[-50.7,32.1],[-1.8,-0.8],[47,31.8],[15.3,62.5]],"c":true},"ix":2},"nm":"Path 1","mn":"ADBE Vector Shape - Group","hd":false},{"ind":1,"ty":"sh","ix":2,"ks":{"a":0,"k":{"i":[[-5.1,4.8],[0,0],[-6.8,0],[0,0],[-4.9,-5.1],[0,0],[7.9,-10.1],[26.9,0],[12.7,-22.8],[-0.1,6.6]],"o":[[0,0],[4.9,-4.8],[0,0],[7,0.1],[0,0],[9.2,9.5],[-12.7,-22.9],[-26.8,0],[-4.3,-4.9],[0.2,-6.9]],"v":[[-64.2,-19.4],[-19.8,-62.5],[-1.6,-69.9],[-1.2,-69.9],[17.2,-61.9],[60.3,-17.5],[62.1,16.7],[-1.9,-21.2],[-65.8,16.5],[-72.3,-1.1]],"c":true},"ix":2},"nm":"Path 2","mn":"ADBE Vector Shape - Group","hd":false},{"ind":2,"ty":"sh","ix":3,"ks":{"a":0,"k":{"i":[[17.8,18.4],[0,0],[12.4,0.2],[0,0],[8.8,-8.5],[0,0],[0.2,-12.4],[-8.6,-8.9],[0,0],[-12.1,0],[-9.1,8.8],[0,0],[0,0]],"o":[[0,0],[-8.7,-8.9],[0,0],[-12.2,0],[0,0],[-8.9,8.7],[-0.2,12.4],[0,0],[9.1,9.4],[11.7,0],[0,0],[0,0],[18.4,-17.8]],"v":[[75,-31.7],[31.9,-76.1],[-0.8,-90.3],[-1.6,-90.3],[-34,-77.2],[-78.4,-34.1],[-92.6,-1.4],[-79.5,31.7],[-36.4,76.2],[-3,90.3],[29.4,77.2],[68.1,39.7],[73.9,34.1]],"c":true},"ix":2},"nm":"Path 3","mn":"ADBE Vector Shape - Group","hd":false},{"ty":"mm","mm":1,"nm":"Merge Paths 1","mn":"ADBE Vector Filter - Merge","hd":false},{"ty":"fl","c":{"a":0,"k":[0.047058823529,0.325490196078,0.18431372549,1],"ix":4},"o":{"a":0,"k":100,"ix":5},"r":1,"bm":0,"nm":"Fill 1","mn":"ADBE Vector Graphic - Fill","hd":false},{"ty":"tr","p":{"a":0,"k":[93.05,90.55],"ix":2},"a":{"a":0,"k":[0,0],"ix":1},"s":{"a":0,"k":[100,100],"ix":3},"r":{"a":0,"k":0,"ix":6},"o":{"a":0,"k":100,"ix":7},"sk":{"a":0,"k":0,"ix":4},"sa":{"a":0,"k":0,"ix":5},"nm":"Transform"}],"nm":"Group 1","np":5,"cix":2,"bm":0,"ix":1,"mn":"ADBE Vector Group","hd":false}],"ip":8,"op":116,"st":8,"bm":0}],"markers":[]}